1;Atlassian;Sydney;Other;500;0,05;2023-03-06;Post-IPO;Australia;210;2026-05-19 13:31:54.6766667
2;SiriusXM;New York City;Media;475;0,08;2023-03-06;Post-IPO;United States;525;2026-05-19 13:31:54.6766667
3;Alerzo;Ibadan;Retail;400;NULL;2023-03-06;Series B;Nigeria;16;2026-05-19 13:31:54.6766667
4;UpGrad;Mumbai;Education;120;NULL;2023-03-06;Unknown;India;631;2026-05-19 13:31:54.6766667
5;Loft;Sao Paulo;Real Estate;340;0,15;2023-03-03;Unknown;Brazil;788;2026-05-19 13:31:54.6766667
6;Embark Trucks;SF Bay Area;Transportation;230;0,7;2023-03-03;Post-IPO;United States;317;2026-05-19 13:31:54.6766667
7;Lendi;Sydney;Real Estate;100;NULL;2023-03-03;Unknown;Australia;59;2026-05-19 13:31:54.6766667
8;UserTesting;SF Bay Area;Marketing;63;NULL;2023-03-03;Acquired;United States;152;2026-05-19 13:31:54.6766667
9;Airbnb;SF Bay Area;Travel;30;NULL;2023-03-03;Post-IPO;United States;6400;2026-05-19 13:31:54.6766667
10;Zscaler;SF Bay Area;Security;177;0,03;2023-03-02;Post-IPO;United States;148;2026-05-19 13:31:54.6766667
11;MasterClass;SF Bay Area;Education;79;NULL;2023-03-02;Series E;United States;461;2026-05-19 13:31:54.6766667
12;Ambev Tech;Blumenau;Food;50;NULL;2023-03-02;Acquired;Brazil;NULL;2026-05-19 13:31:54.6766667
13;Fittr;Pune;Fitness;30;0,11;2023-03-02;Series A;India;13;2026-05-19 13:31:54.6766667
14;CNET;SF Bay Area;Media;12;0,1;2023-03-02;Acquired;United States;20;2026-05-19 13:31:54.6766667
15;Kandela;Los Angeles;Consumer;NULL;1;2023-03-02;Acquired;United States;NULL;2026-05-19 13:31:54.6766667
16;Thoughtworks;Chicago;Other;500;0,04;2023-03-01;Post-IPO;United States;748;2026-05-19 13:31:54.6766667
17;iFood;Sao Paulo;Food;355;0,06;2023-03-01;Subsidiary;Brazil;2100;2026-05-19 13:31:54.6766667
18;Color Health;SF Bay Area;Healthcare;300;NULL;2023-03-01;Series E;United States;482;2026-05-19 13:31:54.6766667
19;Waymo;SF Bay Area;Transportation;209;0,08;2023-03-01;Subsidiary;United States;5500;2026-05-19 13:31:54.6766667
20;PayFit;Paris;HR;200;0,2;2023-03-01;Series E;France;495;2026-05-19 13:31:54.6766667
21;Yellow.ai;SF Bay Area;Support;200;NULL;2023-03-01;Series C;United States;102;2026-05-19 13:31:54.6766667
22;Sonder;SF Bay Area;Travel;100;0,14;2023-03-01;Post-IPO;United States;839;2026-05-19 13:31:54.6766667
23;Protego Trust Bank;Seattle;Crypto;NULL;0,5;2023-03-01;Series A;United States;70;2026-05-19 13:31:54.6766667
24;Electronic Arts;Baton Rouge;Consumer;200;NULL;2023-02-28;Post-IPO;United States;2;2026-05-19 13:31:54.6766667
25;Eventbrite;SF Bay Area;Consumer;80;0,08;2023-02-28;Post-IPO;United States;557;2026-05-19 13:31:54.6766667
26;DUX Education;Bengaluru;Education;NULL;1;2023-02-28;Unknown;India;NULL;2026-05-19 13:31:54.6766667
27;MeridianLink;Los Angeles;Finance;NULL;0,09;2023-02-28;Post-IPO;United States;485;2026-05-19 13:31:54.6766667
28;Sono Motors;Munich;Transportation;300;NULL;2023-02-27;Post-IPO;Germany;126;2026-05-19 13:31:54.6766667
29;Cerebral;SF Bay Area;Healthcare;285;0,15;2023-02-27;Series C;United States;462;2026-05-19 13:31:54.6766667
30;Amount;Chicago;Finance;130;0,25;2023-02-27;Unknown;United States;283;2026-05-19 13:31:54.6766667
31;Palantir;Denver;Data;75;0,02;2023-02-27;Post-IPO;United States;3000;2026-05-19 13:31:54.6766667
32;Outreach;Seattle;Sales;70;0,07;2023-02-27;Series G;United States;489;2026-05-19 13:31:54.6766667
33;Stytch;SF Bay Area;Security;19;0,25;2023-02-27;Series B;United States;126;2026-05-19 13:31:54.6766667
34;BitSight;Tel Aviv;Security;40;NULL;2023-02-26;Unknown;Israel;401;2026-05-19 13:31:54.6766667
35;Twitter;SF Bay Area;Consumer;200;0,1;2023-02-25;Post-IPO;United States;12900;2026-05-19 13:31:54.6766667
36;Ericsson;Stockholm;Other;8500;0,08;2023-02-24;Post-IPO;Sweden;663;2026-05-19 13:31:54.6766667
37;SAP Labs;Bengaluru;Other;300;NULL;2023-02-24;Subsidiary;India;1300;2026-05-19 13:31:54.6766667
38;Velodyne Lidar;SF Bay Area;Transportation;220;NULL;2023-02-24;Acquired;United States;575;2026-05-19 13:31:54.6766667
39;Medallia;SF Bay Area;Support;59;NULL;2023-02-24;Acquired;United States;325;2026-05-19 13:31:54.6766667
40;Eat Just;SF Bay Area;Food;40;NULL;2023-02-24;Unknown;United States;465;2026-05-19 13:31:54.6766667
41;Lucira Health;SF Bay Area;Healthcare;26;NULL;2023-02-24;Post-IPO;United States;132;2026-05-19 13:31:54.6766667
42;Stax;Orlando;Finance;24;NULL;2023-02-24;Series D;United States;263;2026-05-19 13:31:54.6766667
43;Poshmark;SF Bay Area;Retail;NULL;0,02;2023-02-24;Acquired;United States;153;2026-05-19 13:31:54.6766667
44;Merative;Ann Arbor;Healthcare;200;0,1;2023-02-23;Acquired;United States;NULL;2026-05-19 13:31:54.6766667
45;OneFootball;Berlin;Marketing;150;0,32;2023-02-23;Series D;Germany;442;2026-05-19 13:31:54.6766667
46;The Iconic;Sydney;Retail;69;0,06;2023-02-23;Unknown;Australia;NULL;2026-05-19 13:31:54.6766667
47;EVgo;Los Angeles;Transportation;40;NULL;2023-02-23;Post-IPO;United States;400;2026-05-19 13:31:54.6766667
48;StrongDM;SF Bay Area;Infrastructure;40;NULL;2023-02-23;Series B;United States;76;2026-05-19 13:31:54.6766667
49;Dapper Labs;Vancouver;Crypto;NULL;0,2;2023-02-23;Series D;United States;607;2026-05-19 13:31:54.6766667
50;Messari;New York City;Crypto;NULL;0,15;2023-02-23;Series B;United States;61;2026-05-19 13:31:54.6766667
51;Vibrent Health;Washington D.C.;Healthcare;NULL;0,13;2023-02-23;Unknown;United States;NULL;2026-05-19 13:31:54.6766667
52;Synamedia;London;Media;200;0,12;2023-02-22;Unknown;United Kingdom;NULL;2026-05-19 13:31:54.6766667
53;TaskUs;San Antonio;Support;186;NULL;2023-02-22;Post-IPO;United States;279;2026-05-19 13:31:54.6766667
54;Immutable;Sydney;Crypto;NULL;0,11;2023-02-22;Series C;Australia;279;2026-05-19 13:31:54.6766667
55;Jounce Therapeutics;Boston;Healthcare;NULL;0,57;2023-02-22;Acquired;United States;194;2026-05-19 13:31:54.6766667
56;Locomation;Pittsburgh;Transportation;NULL;1;2023-02-22;Seed;United States;57;2026-05-19 13:31:54.6766667
57;Polygon;Bengaluru;Crypto;100;0,2;2023-02-21;Unknown;India;451;2026-05-19 13:31:54.6766667
58;Crunchyroll;Tokyo;Media;85;NULL;2023-02-21;Unknown;Japan;26;2026-05-19 13:31:54.6766667
59;Ethos Life;SF Bay Area;Finance;50;NULL;2023-02-21;Series D;United States;406;2026-05-19 13:31:54.6766667
60;Bolt;Lagos;Transportation;17;NULL;2023-02-21;Series F;Nigeria;NULL;2026-05-19 13:31:54.6766667
61;MyGate;Bengaluru;Other;200;0,3;2023-02-20;Series B;India;79;2026-05-19 13:31:54.6766667
62;Fireblocks;New York City;Crypto;30;0,05;2023-02-20;Series E;United States;1000;2026-05-19 13:31:54.6766667
63;Kinde;Sydney;Other;8;0,28;2023-02-20;Seed;Australia;10;2026-05-19 13:31:54.6766667
64;Fipola;Chennai;Food;NULL;1;2023-02-20;Series A;United States;9;2026-05-19 13:31:54.6766667
65;HP;Tel Aviv;Hardware;100;NULL;2023-02-19;Post-IPO;Israel;4200;2026-05-19 13:31:54.6766667
66;Tencent;Shenzen;Consumer;300;NULL;2023-02-17;Post-IPO;China;12600;2026-05-19 13:31:54.6766667
67;Evernote;SF Bay Area;Consumer;129;NULL;2023-02-17;Acquired;United States;290;2026-05-19 13:31:54.6766667
68;Chipper Cash;SF Bay Area;Finance;100;0,33;2023-02-17;Series C;United States;302;2026-05-19 13:31:54.6766667
69;DocuSign;SF Bay Area;Sales;680;0,1;2023-02-16;Post-IPO;United States;536;2026-05-19 13:31:54.6766667
70;Pico Interactive;SF Bay Area;Other;400;0,2;2023-02-16;Acquired;United States;62;2026-05-19 13:31:54.6766667
71;The RealReal;SF Bay Area;Retail;230;0,07;2023-02-16;Post-IPO;United States;356;2026-05-19 13:31:54.6766667
72;Smartsheet;Seattle;Other;85;0,03;2023-02-16;Post-IPO;United States;152;2026-05-19 13:31:54.6766667
73;Wix;Tel Aviv;Marketing;370;0,06;2023-02-15;Post-IPO;Israel;58;2026-05-19 13:31:54.6766667
74;ServiceTitan;Los Angeles;Sales;221;0,08;2023-02-15;Series G;United States;1100;2026-05-19 13:31:54.6766667
75;Neon;Sao Paulo;Finance;210;0,09;2023-02-15;Series D;Brazil;720;2026-05-19 13:31:54.6766667
76;Jellysmack;Paris;Media;208;NULL;2023-02-15;Series C;France;22;2026-05-19 13:31:54.6766667
77;DigitalOcean;New York City;Infrastructure;200;0,11;2023-02-15;Post-IPO;United States;491;2026-05-19 13:31:54.6766667
78;Sprinklr;New York City;Support;100;0,04;2023-02-15;Post-IPO;United States;429;2026-05-19 13:31:54.6766667
79;Betterment;New York City;Finance;28;NULL;2023-02-15;Series F;United States;435;2026-05-19 13:31:54.6766667
80;Milkrun;Sydney;Food;NULL;0,2;2023-02-15;Series A;Australia;86;2026-05-19 13:31:54.6766667
81;Momentive;SF Bay Area;Marketing;NULL;0,14;2023-02-15;Post-IPO;United States;1100;2026-05-19 13:31:54.6766667
82;Tackle;Boise;Other;NULL;0,15;2023-02-15;Series C;United States;148;2026-05-19 13:31:54.6766667
83;Vicarious Surgical;Boston;Healthcare;NULL;0,14;2023-02-15;Post-IPO;United States;185;2026-05-19 13:31:54.6766667
84;CommerceHub;Albany;Retail;371;0,31;2023-02-14;Acquired;United States;NULL;2026-05-19 13:31:54.6766667
85;HackerEarth;SF Bay Area;HR;NULL;0,08;2023-02-14;Series B;United States;11;2026-05-19 13:31:54.6766667
86;PhableCare;Bengaluru;Healthcare;NULL;0,7;2023-02-14;Series B;India;40;2026-05-19 13:31:54.6766667
87;Udemy;SF Bay Area;Education;NULL;0,1;2023-02-14;Post-IPO;United States;311;2026-05-19 13:31:54.6766667
88;Twilio;SF Bay Area;Other;1500;0,17;2023-02-13;Post-IPO;United States;614;2026-05-19 13:31:54.6766667
89;Electric;New York City;Other;141;0,25;2023-02-13;Series D;United States;212;2026-05-19 13:31:54.6766667
90;EMX Digital;New York City;Marketing;100;1;2023-02-13;Unknown;United States;NULL;2026-05-19 13:31:54.6766667
91;PetLove;Sao Paulo;Retail;94;NULL;2023-02-13;Series C;Brazil;225;2026-05-19 13:31:54.6766667
92;iRobot;Boston;Consumer;85;0,07;2023-02-13;Acquired;United States;30;2026-05-19 13:31:54.6766667
93;Collective Health;SF Bay Area;Healthcare;54;NULL;2023-02-13;Series F;United States;719;2026-05-19 13:31:54.6766667
94;Magic Eden;SF Bay Area;Crypto;22;NULL;2023-02-13;Series B;United States;170;2026-05-19 13:31:54.6766667
95;Casavo;Milan;Real Estate;NULL;0,3;2023-02-13;Unknown;Italy;708;2026-05-19 13:31:54.6766667
96;Moladin;Jakarta;Transportation;360;0,11;2023-02-12;Series B;Indonesia;138;2026-05-19 13:31:54.6766667
97;TripleLift;New York City;Marketing;100;0,2;2023-02-10;Acquired;United States;16;2026-05-19 13:31:54.6766667
98;TikTok India;Mumbai;Consumer;40;NULL;2023-02-10;Acquired;India;9400;2026-05-19 13:31:54.6766667
99;Rigetti Computing;SF Bay Area;Hardware;NULL;0,28;2023-02-10;Post-IPO;United States;298;2026-05-19 13:31:54.6766667
100;Yahoo;SF Bay Area;Consumer;1600;0,2;2023-02-09;Acquired;United States;6;2026-05-19 13:31:54.6766667
101;Misfits Market;Philadelphia;Food;649;0,33;2023-02-09;Series C;United States;526;2026-05-19 13:31:54.6766667
102;Deliveroo;London;Food;350;0,09;2023-02-09;Post-IPO;United Kingdom;1700;2026-05-19 13:31:54.6766667
103;Olive AI;Columbus;Healthcare;215;0,35;2023-02-09;Series H;United States;856;2026-05-19 13:31:54.6766667
104;Oportun;SF Bay Area;Finance;155;0,1;2023-02-09;Post-IPO;United States;566;2026-05-19 13:31:54.6766667
105;GitLab;SF Bay Area;Product;130;0,07;2023-02-09;Post-IPO;United States;413;2026-05-19 13:31:54.6766667
106;Bark;New York City;Retail;126;0,12;2023-02-09;Post-IPO;United States;NULL;2026-05-19 13:31:54.6766667
107;Nomad Health;New York City;Healthcare;119;0,17;2023-02-09;Unknown;United States;218;2026-05-19 13:31:54.6766667
108;Veriff;Tallinn;Security;66;0,12;2023-02-09;Series C;Estonia;192;2026-05-19 13:31:54.6766667
109;REE Automotive;Tel Aviv;Transportation;31;0,11;2023-02-09;Post-IPO;Israel;317;2026-05-19 13:31:54.6766667
110;GitHub;SF Bay Area;Product;NULL;0,1;2023-02-09;Acquired;United States;350;2026-05-19 13:31:54.6766667
111;WeTrade;Bengaluru;Crypto;NULL;1;2023-02-09;Unknown;India;NULL;2026-05-19 13:31:54.6766667
112;GoDaddy;Phoenix;Marketing;530;0,08;2023-02-08;Post-IPO;United States;800;2026-05-19 13:31:54.6766667
113;Affirm;SF Bay Area;Finance;500;0,19;2023-02-08;Post-IPO;United States;1500;2026-05-19 13:31:54.6766667
114;Gusto;SF Bay Area;HR;126;0,05;2023-02-08;Series E;United States;746;2026-05-19 13:31:54.6766667
115;Gong;SF Bay Area;Sales;80;0,07;2023-02-08;Series E;United States;583;2026-05-19 13:31:54.6766667
116;Beam Benefits;Columbus;Healthcare;31;0,08;2023-02-08;Series E;United States;168;2026-05-19 13:31:54.6766667
117;Equitybee;SF Bay Area;Finance;24;0,25;2023-02-08;Series B;United States;85;2026-05-19 13:31:54.6766667
118;Baraja;Sydney;Transportation;NULL;0,75;2023-02-08;Unknown;Australia;63;2026-05-19 13:31:54.6766667
119;Koho;Toronto;Finance;NULL;0,14;2023-02-08;Series D;Canada;278;2026-05-19 13:31:54.6766667
120;Medly;New York City;Healthcare;NULL;1;2023-02-08;Series C;United States;100;2026-05-19 13:31:54.6766667
121;Nearmap;Sydney;Construction;NULL;0,2;2023-02-08;Acquired;Australia;15;2026-05-19 13:31:54.6766667
122;Zoom;SF Bay Area;Other;1300;0,15;2023-02-07;Post-IPO;United States;276;2026-05-19 13:31:54.6766667
123;eBay;SF Bay Area;Retail;500;0,04;2023-02-07;Post-IPO;United States;1200;2026-05-19 13:31:54.6766667
124;SecureWorks;Atlanta;Security;212;0,09;2023-02-07;Post-IPO;United States;83;2026-05-19 13:31:54.6766667
125;Salesloft;Atlanta;Sales;100;0,1;2023-02-07;Acquired;United States;245;2026-05-19 13:31:54.6766667
126;Openpay;Melbourne;Finance;83;1;2023-02-07;Post-IPO;Australia;299;2026-05-19 13:31:54.6766667
127;LearnUpon;Dublin;Education;27;0,09;2023-02-07;Private Equity;Ireland;56;2026-05-19 13:31:54.6766667
128;Sana Benefits;Austin;HR;NULL;0,19;2023-02-07;Series B;United States;106;2026-05-19 13:31:54.6766667
129;Dell;Austin;Hardware;6650;0,05;2023-02-06;Post-IPO;United States;NULL;2026-05-19 13:31:54.6766667
130;Loggi;Sao Paulo;Logistics;300;0,07;2023-02-06;Series F;Brazil;507;2026-05-19 13:31:54.6766667
131;Catch.com.au;Melbourne;Retail;100;NULL;2023-02-06;Acquired;Australia;80;2026-05-19 13:31:54.6766667
132;VinFast US;Los Angeles;Transportation;80;NULL;2023-02-06;Subsidiary;United States;NULL;2026-05-19 13:31:54.6766667
133;Drift;Boston;Marketing;59;NULL;2023-02-06;Acquired;United States;107;2026-05-19 13:31:54.6766667
134;Pocket Aces;Mumbai;Media;50;0,25;2023-02-06;Unknown;India;19;2026-05-19 13:31:54.6766667
135;Clari;SF Bay Area;Sales;20;NULL;2023-02-06;Series F;United States;496;2026-05-19 13:31:54.6766667
136;Daraz;Singapore;Retail;NULL;0,11;2023-02-06;Unknown;Singapore;NULL;2026-05-19 13:31:54.6766667
137;Kyruus;Boston;Healthcare;70;NULL;2023-02-05;Unknown;United States;183;2026-05-19 13:31:54.6766667
138;Lightico;Tel Aviv;Finance;20;0,25;2023-02-05;Series B;Israel;42;2026-05-19 13:31:54.6766667
139;FarEye;New Delhi;Logistics;90;NULL;2023-02-03;Series E;India;150;2026-05-19 13:31:54.6766667
140;Protocol Labs;SF Bay Area;Crypto;89;0,2;2023-02-03;Unknown;United States;10;2026-05-19 13:31:54.6766667
141;Finder;Sydney;Retail;NULL;0,15;2023-02-03;Unknown;Australia;30;2026-05-19 13:31:54.6766667
142;Byju's;Bengaluru;Education;1500;NULL;2023-02-02;Private Equity;India;5500;2026-05-19 13:31:54.6766667
143;Okta;SF Bay Area;Security;300;0,05;2023-02-02;Post-IPO;United States;1200;2026-05-19 13:31:54.6766667
144;Autodesk;SF Bay Area;Other;250;0,02;2023-02-02;Post-IPO;United States;NULL;2026-05-19 13:31:54.6766667
145;Mindstrong;SF Bay Area;Healthcare;127;NULL;2023-02-02;Series C;United States;160;2026-05-19 13:31:54.6766667
146;NCC Group;Manchester;Security;125;0,07;2023-02-02;Post-IPO;United Kingdom;NULL;2026-05-19 13:31:54.6766667
147;Miro;SF Bay Area;Other;119;0,07;2023-02-02;Series C;United States;476;2026-05-19 13:31:54.6766667
148;Getir;New York City;Food;100;NULL;2023-02-02;Series E;United States;1800;2026-05-19 13:31:54.6766667
149;Highspot;Seattle;Sales;100;0,1;2023-02-02;Series F;United States;644;2026-05-19 13:31:54.6766667
150;Bittrex;Seattle;Crypto;80;NULL;2023-02-02;Unknown;United States;NULL;2026-05-19 13:31:54.6766667
151;Snowplow;London;Data;40;NULL;2023-02-02;Series B;United States;55;2026-05-19 13:31:54.6766667
152;Articulate;New York City;Education;38;NULL;2023-02-02;Series A;United States;1500;2026-05-19 13:31:54.6766667
153;Getaround;SF Bay Area;Transportation;NULL;0,1;2023-02-02;Post-IPO;United States;948;2026-05-19 13:31:54.6766667
154;NCSoft;Seoul;Consumer;NULL;0,2;2023-02-02;Post-IPO;South Korea;240;2026-05-19 13:31:54.6766667
155;Splunk;SF Bay Area;Data;325;0,04;2023-02-01;Post-IPO;United States;2400;2026-05-19 13:31:54.6766667
156;Pinterest;SF Bay Area;Consumer;150;NULL;2023-02-01;Post-IPO;United States;1500;2026-05-19 13:31:54.6766667
157;DraftKings;Boston;Consumer;140;0,04;2023-02-01;Post-IPO;United States;719;2026-05-19 13:31:54.6766667
158;Cyren;Washington D.C.;Security;121;NULL;2023-02-01;Post-IPO;United States;161;2026-05-19 13:31:54.6766667
159;Workato;SF Bay Area;Other;90;0,1;2023-02-01;Series E;United States;415;2026-05-19 13:31:54.6766667
160;VerticalScope;Toronto;Media;60;0,22;2023-02-01;Post-IPO;Canada;NULL;2026-05-19 13:31:54.6766667
161;Wheel;Austin;Healthcare;56;0,28;2023-02-01;Series C;United States;215;2026-05-19 13:31:54.6766667
162;Chainalysis;New York City;Crypto;44;0,05;2023-02-01;Series F;United States;536;2026-05-19 13:31:54.6766667
163;Appgate;Miami;Security;34;0,08;2023-02-01;Post-IPO;United States;NULL;2026-05-19 13:31:54.6766667
164;Exterro;Portland;Legal;24;0,03;2023-02-01;Private Equity;United States;100;2026-05-19 13:31:54.6766667
165;TheSkimm;New York City;Media;17;0,1;2023-02-01;Series C;United States;28;2026-05-19 13:31:54.6766667
166;Bustle Digital Group;New York City;Media;NULL;0,08;2023-02-01;Series E;United States;80;2026-05-19 13:31:54.6766667
167;Frequency Therapeutics;Boston;Healthcare;NULL;0,5;2023-02-01;Post-IPO;United States;76;2026-05-19 13:31:54.6766667
168;MariaDB;Helsinki;Data;NULL;0,08;2023-02-01;Post-IPO;Finland;245;2026-05-19 13:31:54.6766667
169;Match Group;New York City;Consumer;NULL;0,08;2023-02-01;Post-IPO;United States;NULL;2026-05-19 13:31:54.6766667
170;Rivian;Detroit;Transportation;NULL;0,06;2023-02-01;Post-IPO;United States;10700;2026-05-19 13:31:54.6766667
171;PayPal;SF Bay Area;Finance;2000;0,07;2023-01-31;Post-IPO;United States;216;2026-05-19 13:31:54.6766667
172;NetApp;SF Bay Area;Data;960;0,08;2023-01-31;Post-IPO;United States;NULL;2026-05-19 13:31:54.6766667
173;Workday;SF Bay Area;HR;525;0,03;2023-01-31;Post-IPO;United States;230;2026-05-19 13:31:54.6766667
174;HubSpot;Boston;Marketing;500;0,07;2023-01-31;Post-IPO;United States;100;2026-05-19 13:31:54.6766667
175;Upstart;SF Bay Area;Finance;365;0,2;2023-01-31;Post-IPO;United States;144;2026-05-19 13:31:54.6766667
176;Software AG;Frankfurt;Data;200;0,04;2023-01-31;Post-IPO;Germany;344;2026-05-19 13:31:54.6766667
177;Wish;SF Bay Area;Retail;150;0,17;2023-01-31;Post-IPO;United States;1600;2026-05-19 13:31:54.6766667
178;Wefox;Berlin;Finance;100;NULL;2023-01-31;Series D;Germany;1300;2026-05-19 13:31:54.6766667
179;Tilting Point;New York City;Consumer;60;0,14;2023-01-31;Unknown;United States;235;2026-05-19 13:31:54.6766667
180;Gokada;Lagos;Transportation;54;NULL;2023-01-31;Unknown;Nigeria;12;2026-05-19 13:31:54.6766667
181;AU10TIX;Tel Aviv;Security;19;0,09;2023-01-31;Unknown;Israel;80;2026-05-19 13:31:54.6766667
182;National Instruments;Austin;Hardware;NULL;0,04;2023-01-31;Post-IPO;United States;NULL;2026-05-19 13:31:54.6766667
183;OpenText;Waterloo;Data;NULL;0,08;2023-01-31;Post-IPO;Canada;1100;2026-05-19 13:31:54.6766667
184;Philips;Amsterdam;Healthcare;6000;0,13;2023-01-30;Post-IPO;Netherlands;NULL;2026-05-19 13:31:54.6766667
185;OLX Group;Amsterdam;Marketing;1500;0,15;2023-01-30;Acquired;Netherlands;NULL;2026-05-19 13:31:54.6766667
186;Arrival;London;Transportation;800;0,5;2023-01-30;Post-IPO;United Kingdom;629;2026-05-19 13:31:54.6766667
187;Groupon;Chicago;Retail;500;NULL;2023-01-30;Post-IPO;United States;1400;2026-05-19 13:31:54.6766667
188;Intel;SF Bay Area;Hardware;343;NULL;2023-01-30;Post-IPO;United States;12;2026-05-19 13:31:54.6766667
189;Glovo;Barcelona;Food;250;0,06;2023-01-30;Acquired;Spain;1200;2026-05-19 13:31:54.6766667
190;Delivery Hero;Berlin;Food;156;0,04;2023-01-30;Post-IPO;Germany;9900;2026-05-19 13:31:54.6766667
191;Impossible Foods copy;SF Bay Area;Food;140;0,2;2023-01-30;Series H;United States;1900;2026-05-19 13:31:54.6766667
192;Chrono24;Karlsruhe;Retail;65;0,13;2023-01-30;Series C;Germany;205;2026-05-19 13:31:54.6766667
193;BM Technologies;Philadelphia;Finance;NULL;0,25;2023-01-30;Post-IPO;United States;NULL;2026-05-19 13:31:54.6766667
194;Prime Trust;Las Vegas;Crypto;NULL;0,33;2023-01-30;Series B;United States;176;2026-05-19 13:31:54.6766667
195;Quantum SI;New Haven;Healthcare;NULL;0,12;2023-01-30;Post-IPO;United States;425;2026-05-19 13:31:54.6766667
196;Me Poupe;Sao Paulo;Finance;60;0,5;2023-01-28;Unknown;Brazil;NULL;2026-05-19 13:31:54.6766667
197;CoinTracker;SF Bay Area;Crypto;19;NULL;2023-01-28;Series A;United States;101;2026-05-19 13:31:54.6766667
198;SSense;Montreal;Retail;138;0,07;2023-01-27;Series A;Canada;NULL;2026-05-19 13:31:54.6766667
199;DealShare;Bengaluru;Retail;100;0,06;2023-01-27;Series E;India;390;2026-05-19 13:31:54.6766667
200;Ruggable;Los Angeles;Retail;100;NULL;2023-01-27;Seed;United States;NULL;2026-05-19 13:31:54.6766667
201;Synopsys;SF Bay Area;Other;100;NULL;2023-01-27;Post-IPO;United States;NULL;2026-05-19 13:31:54.6766667
202;Heycar;Berlin;Transportation;73;NULL;2023-01-27;Unknown;Germany;NULL;2026-05-19 13:31:54.6766667
203;Matrixport;Singapore;Crypto;29;0,1;2023-01-27;Series C;Singapore;100;2026-05-19 13:31:54.6766667
204;Shakepay;Montreal;Crypto;21;0,25;2023-01-27;Series A;Canada;45;2026-05-19 13:31:54.6766667
205;#Paid;Toronto;Marketing;19;0,17;2023-01-27;Series B;Canada;21;2026-05-19 13:31:54.6766667
206;SAP;Walldorf;Other;3000;0,03;2023-01-26;Post-IPO;Germany;1300;2026-05-19 13:31:54.6766667
207;Confluent;SF Bay Area;Data;221;0,08;2023-01-26;Post-IPO;United States;455;2026-05-19 13:31:54.6766667
208;DriveWealth;Jersey City;Finance;NULL;0,2;2023-01-26;Series D;United States;550;2026-05-19 13:31:54.6766667
209;Mode Global;London;Finance;NULL;1;2023-01-26;Post-IPO;United Kingdom;NULL;2026-05-19 13:31:54.6766667
210;Plus One Robotics;San Antonio;Other;NULL;0,1;2023-01-26;Series B;United States;43;2026-05-19 13:31:54.6766667
211;IBM;New York City;Hardware;3900;0,02;2023-01-25;Post-IPO;United States;NULL;2026-05-19 13:31:54.6766667
212;Lam Research;SF Bay Area;Hardware;1300;0,07;2023-01-25;Post-IPO;United States;NULL;2026-05-19 13:31:54.6766667
213;Shutterfly;SF Bay Area;Retail;360;NULL;2023-01-25;Acquired;United States;50;2026-05-19 13:31:54.6766667
214;Luno;London;Crypto;330;0,35;2023-01-25;Acquired;United Kingdom;13;2026-05-19 13:31:54.6766667
215;Clear Capital;Reno;Real Estate;250;0,25;2023-01-25;Unknown;United States;NULL;2026-05-19 13:31:54.6766667
216;Guardant Health;SF Bay Area;Healthcare;130;0,07;2023-01-25;Post-IPO;United States;550;2026-05-19 13:31:54.6766667
217;SirionLabs;Seattle;Legal;130;0,15;2023-01-25;Series D;United States;171;2026-05-19 13:31:54.6766667
218;Tier Mobility;Berlin;Transportation;80;0,07;2023-01-25;Series D;Germany;646;2026-05-19 13:31:54.6766667
219;PagSeguro;Sao Paulo;Finance;NULL;0,07;2023-01-25;Post-IPO;Brazil;NULL;2026-05-19 13:31:54.6766667
220;Prosus;Amsterdam;Other;NULL;0,3;2023-01-25;Unknown;Netherlands;NULL;2026-05-19 13:31:54.6766667
221;Vacasa;Portland;Travel;1300;0,17;2023-01-24;Post-IPO;United States;834;2026-05-19 13:31:54.6766667
222;Innovaccer;SF Bay Area;Healthcare;245;0,15;2023-01-24;Series E;United States;379;2026-05-19 13:31:54.6766667
223;Bolt;SF Bay Area;Finance;50;0,1;2023-01-24;Series E;United States;1300;2026-05-19 13:31:54.6766667
224;PartnerStack;Toronto;Sales;40;0,2;2023-01-24;Series B;Canada;36;2026-05-19 13:31:54.6766667
225;Gitpod;Kiel;Product;21;0,28;2023-01-24;Series A;Germany;41;2026-05-19 13:31:54.6766667
226;OFFOR Health;Columbus;Healthcare;16;NULL;2023-01-24;Series A;United States;14;2026-05-19 13:31:54.6766667
227;Venngage;Toronto;Marketing;11;0,2;2023-01-24;Unknown;Canada;NULL;2026-05-19 13:31:54.6766667
228;CoachHub;Berlin;HR;NULL;0,1;2023-01-24;Series C;Germany;332;2026-05-19 13:31:54.6766667
229;Corvus Insurance;Boston;Finance;NULL;0,14;2023-01-24;Series C;United States;160;2026-05-19 13:31:54.6766667
230;PagerDuty;SF Bay Area;Product;NULL;0,07;2023-01-24;Post-IPO;United States;173;2026-05-19 13:31:54.6766667
231;Scoro;London;HR;NULL;0,09;2023-01-24;Series B;United Kingdom;23;2026-05-19 13:31:54.6766667
232;Spotify;Stockholm;Media;600;0,06;2023-01-23;Post-IPO;Sweden;2100;2026-05-19 13:31:54.6766667
233;Uber Freight;SF Bay Area;Logistics;150;0,03;2023-01-23;Subsidiary;United States;2700;2026-05-19 13:31:54.6766667
234;Inmobi;Bengaluru;Marketing;50;NULL;2023-01-23;Unknown;India;320;2026-05-19 13:31:54.6766667
235;Innovid;New York City;Marketing;40;0,1;2023-01-23;Post-IPO;United States;295;2026-05-19 13:31:54.6766667
236;Booktopia;Sydney;Retail;30;NULL;2023-01-23;Series A;Australia;23;2026-05-19 13:31:54.6766667
237;Ermetic;SF Bay Area;Security;30;0,17;2023-01-23;Series B;United States;97;2026-05-19 13:31:54.6766667
238;Namogoo;Tel Aviv;Marketing;20;0,15;2023-01-23;Series C;United States;69;2026-05-19 13:31:54.6766667
239;Camp K12;Gurugram;Education;NULL;0,7;2023-01-23;Series A;India;16;2026-05-19 13:31:54.6766667
240;Gemini;New York City;Crypto;NULL;0,1;2023-01-23;Unknown;United States;423;2026-05-19 13:31:54.6766667
241;Yext;New York City;Marketing;NULL;0,08;2023-01-23;Post-IPO;United States;117;2026-05-19 13:31:54.6766667
242;Google;SF Bay Area;Consumer;12000;0,06;2023-01-20;Post-IPO;United States;26;2026-05-19 13:31:54.6766667
243;Wayfair;Boston;Retail;1750;0,1;2023-01-20;Post-IPO;United States;1700;2026-05-19 13:31:54.6766667
244;Swiggy;Bengaluru;Food;380;0,06;2023-01-20;Unknown;India;3600;2026-05-19 13:31:54.6766667
245;MediBuddy;Bengaluru;Healthcare;200;NULL;2023-01-20;Acquired;India;192;2026-05-19 13:31:54.6766667
246;Vox Media;Washington D.C.;Media;130;0,07;2023-01-20;Series F;United States;307;2026-05-19 13:31:54.6766667
247;BitTorrent;SF Bay Area;Infrastructure;92;NULL;2023-01-20;Acquired;United States;NULL;2026-05-19 13:31:54.6766667
248;Karat;Seattle;HR;47;NULL;2023-01-20;Unknown;United States;169;2026-05-19 13:31:54.6766667
249;Enjoei;Sao Paulo;Retail;31;0,1;2023-01-20;Unknown;Brazil;14;2026-05-19 13:31:54.6766667
250;Edifecs;Seattle;Healthcare;30;NULL;2023-01-20;Unknown;United States;1;2026-05-19 13:31:54.6766667
251;Citrine Informatics;SF Bay Area;Data;22;0,27;2023-01-20;Series C;United States;64;2026-05-19 13:31:54.6766667
252;Cyteir Therapeutics;Boston;Healthcare;NULL;0,7;2023-01-20;Series C;United States;156;2026-05-19 13:31:54.6766667
253;Capital One;Washington D.C.;Finance;1100;NULL;2023-01-19;Post-IPO;United States;NULL;2026-05-19 13:31:54.6766667
254;Proterra;SF Bay Area;Transportation;300;NULL;2023-01-19;Post-IPO;United States;1200;2026-05-19 13:31:54.6766667
255;WeWork;New York City;Real Estate;300;NULL;2023-01-19;Post-IPO;United States;22200;2026-05-19 13:31:54.6766667
256;Hubilo;SF Bay Area;Other;115;0,35;2023-01-19;Series B;United States;153;2026-05-19 13:31:54.6766667
257;Saks.com;New York City;Retail;100;0,05;2023-01-19;Unknown;United States;965;2026-05-19 13:31:54.6766667
258;CS Disco;Austin;Legal;62;0,09;2023-01-19;Post-IPO;United States;233;2026-05-19 13:31:54.6766667
259;Riot Games;Los Angeles;Consumer;46;NULL;2023-01-19;Acquired;United States;21;2026-05-19 13:31:54.6766667
260;Hydrow;Boston;Fitness;30;NULL;2023-01-19;Series D;United States;269;2026-05-19 13:31:54.6766667
261;Earth Rides;Nashville;Transportation;NULL;1;2023-01-19;Unknown;United States;2;2026-05-19 13:31:54.6766667
262;Magnite;Los Angeles;Marketing;NULL;0,06;2023-01-19;Post-IPO;United States;400;2026-05-19 13:31:54.6766667
263;Mudafy;Mexico City;Real Estate;NULL;0,7;2023-01-19;Series A;United States;13;2026-05-19 13:31:54.6766667
264;Personalis;SF Bay Area;Healthcare;NULL;0,3;2023-01-19;Post-IPO;United States;225;2026-05-19 13:31:54.6766667
265;Prisma;SF Bay Area;Data;NULL;0,28;2023-01-19;Series B;United States;56;2026-05-19 13:31:54.6766667
266;Wallbox;Barcelona;Energy;NULL;0,15;2023-01-19;Post-IPO;Spain;167;2026-05-19 13:31:54.6766667
267;Microsoft;Seattle;Other;10000;0,05;2023-01-18;Post-IPO;United States;1;2026-05-19 13:31:54.6766667
268;Sophos;Oxford;Security;450;0,1;2023-01-18;Acquired;United States;125;2026-05-19 13:31:54.6766667
269;Teladoc Health;New York City;Healthcare;300;0,06;2023-01-18;Post-IPO;United States;172;2026-05-19 13:31:54.6766667
270;Vroom;New York City;Transportation;275;0,2;2023-01-18;Post-IPO;United States;1300;2026-05-19 13:31:54.6766667
271;8x8;SF Bay Area;Support;155;0,07;2023-01-18;Post-IPO;United States;253;2026-05-19 13:31:54.6766667
272;Pagaya;New York City;Finance;140;0,2;2023-01-18;Post-IPO;United States;571;2026-05-19 13:31:54.6766667
273;Benevity;Calgary;Other;137;0,14;2023-01-18;Unknown;Canada;69;2026-05-19 13:31:54.6766667
274;Inspirato;Denver;Travel;109;0,12;2023-01-18;Post-IPO;United States;179;2026-05-19 13:31:54.6766667
275;Jumpcloud;Boulder;Security;100;0,12;2023-01-18;Series F;United States;416;2026-05-19 13:31:54.6766667
276;nCino;Wilmington;Finance;100;0,07;2023-01-18;Post-IPO;United States;1100;2026-05-19 13:31:54.6766667
277;Starry;Boston;Other;100;0,24;2023-01-18;Post-IPO;United States;260;2026-05-19 13:31:54.6766667
278;Hootsuite;Vancouver;Marketing;70;0,07;2023-01-18;Series C;Canada;300;2026-05-19 13:31:54.6766667
279;Clue;Berlin;Healthcare;31;0,31;2023-01-18;Unknown;Germany;47;2026-05-19 13:31:54.6766667
280;Addepar;SF Bay Area;Finance;20;0,03;2023-01-18;Series F;United States;491;2026-05-19 13:31:54.6766667
281;80 Acres Farms;Cincinnati;Food;NULL;0,1;2023-01-18;Unknown;United States;275;2026-05-19 13:31:54.6766667
282;Aiven;Helsinki;Infrastructure;NULL;0,2;2023-01-18;Series D;Finland;420;2026-05-19 13:31:54.6766667
283;Bally's Interactive;Providence;NULL;NULL;0,15;2023-01-18;Post-IPO;United States;946;2026-05-19 13:31:54.6766667
284;Betterfly;Santiago;Healthcare;NULL;0,3;2023-01-18;Series C;Chile;204;2026-05-19 13:31:54.6766667
285;Lucid Diagnostics;New York City;Healthcare;NULL;0,2;2023-01-18;Post-IPO;United States;NULL;2026-05-19 13:31:54.6766667
286;Redbubble;Melbourne;Retail;NULL;0,14;2023-01-18;Post-IPO;Australia;55;2026-05-19 13:31:54.6766667
287;Lightspeed Commerce;Montreal;Retail;300;0,1;2023-01-17;Post-IPO;Canada;1200;2026-05-19 13:31:54.6766667
288;Unity;SF Bay Area;Other;284;0,03;2023-01-17;Post-IPO;United States;1300;2026-05-19 13:31:54.6766667
289;Britishvolt;London;Transportation;206;1;2023-01-17;Unknown;United Kingdom;2400;2026-05-19 13:31:54.6766667
290;Clutch;Toronto;Transportation;150;NULL;2023-01-17;Unknown;Canada;253;2026-05-19 13:31:54.6766667
291;Exotel;Bengaluru;Support;142;0,15;2023-01-17;Series D;India;87;2026-05-19 13:31:54.6766667
292;Unico;Sao Paulo;Other;110;0,1;2023-01-17;Series D;Brazil;336;2026-05-19 13:31:54.6766667
293;Tul;Bogota;Construction;100;NULL;2023-01-17;Series B;Colombia;218;2026-05-19 13:31:54.6766667
294;American Robotics;Boston;Other;50;0,65;2023-01-17;Acquired;United States;92;2026-05-19 13:31:54.6766667
295;Luxury Presence;Los Angeles;Real Estate;44;NULL;2023-01-17;Series B;United States;31;2026-05-19 13:31:54.6766667
296;RingCentral;SF Bay Area;Other;30;NULL;2023-01-17;Post-IPO;United States;44;2026-05-19 13:31:54.6766667
297;GoMechanic;Gurugram;Transportation;NULL;0,7;2023-01-17;Series C;India;54;2026-05-19 13:31:54.6766667
298;LiveVox;SF Bay Area;Support;NULL;0,16;2023-01-17;Post-IPO;United States;12;2026-05-19 13:31:54.6766667
299;PagBank;Sao Paulo;Finance;500;0,07;2023-01-16;Post-IPO;Brazil;NULL;2026-05-19 13:31:54.6766667
300;ShareChat;Bengaluru;Consumer;500;0,2;2023-01-16;Series H;India;1700;2026-05-19 13:31:54.6766667
301;Gramophone;Indore;Food;75;NULL;2023-01-16;Series B;India;17;2026-05-19 13:31:54.6766667
302;ClearCo;Toronto;Finance;50;0,3;2023-01-16;Series C;Canada;698;2026-05-19 13:31:54.6766667
303;Dunzo;Bengaluru;Food;NULL;0,03;2023-01-16;Unknown;India;382;2026-05-19 13:31:54.6766667
304;Ignition;Sydney;Finance;NULL;0,1;2023-01-16;Series C;Australia;74;2026-05-19 13:31:54.6766667
305;Rebel Foods;Mumbai;Food;NULL;0,02;2023-01-16;Unknown;India;548;2026-05-19 13:31:54.6766667
306;Captain Fresh;Bengaluru;Food;120;NULL;2023-01-15;Series C;India;126;2026-05-19 13:31:54.6766667
307;Snappy;New York City;Marketing;100;0,3;2023-01-15;Series C;United States;104;2026-05-19 13:31:54.6766667
308;BharatAgri;Mumbai;Food;40;0,43;2023-01-15;Series A;India;21;2026-05-19 13:31:54.6766667
309;DeHaat;Patna;Food;NULL;0,05;2023-01-15;Series E;India;254;2026-05-19 13:31:54.6766667
310;Black Shark;Shenzen;Hardware;900;NULL;2023-01-13;Unknown;China;NULL;2026-05-19 13:31:54.6766667
311;Ola;Bengaluru;Transportation;200;NULL;2023-01-13;Series J;India;5000;2026-05-19 13:31:54.6766667
312;Bonterra;Austin;Other;140;0,1;2023-01-13;Unknown;United States;NULL;2026-05-19 13:31:54.6766667
313;Vial;SF Bay Area;Healthcare;40;NULL;2023-01-13;Series B;United States;101;2026-05-19 13:31:54.6766667
314;Arch Oncology;Brisbane;Healthcare;NULL;1;2023-01-13;Series C;United States;155;2026-05-19 13:31:54.6766667
315;Jellyfish;Boston;Product;NULL;0,09;2023-01-13;Series C;United States;114;2026-05-19 13:31:54.6766667
316;Lending Club;SF Bay Area;Finance;225;0,14;2023-01-12;Post-IPO;United States;392;2026-05-19 13:31:54.6766667
317;SmartNews;Tokyo;Media;120;0,4;2023-01-12;Series F;United States;410;2026-05-19 13:31:54.6766667
318;Skit.ai;Bengaluru;Support;115;NULL;2023-01-12;Series B;India;28;2026-05-19 13:31:54.6766667
319;Pier;Sao Paulo;Finance;111;0,39;2023-01-12;Series B;Brazil;42;2026-05-19 13:31:54.6766667
320;Blockchain.com;London;Crypto;110;0,28;2023-01-12;Series D;United Kingdom;490;2026-05-19 13:31:54.6766667
321;Greenlight;Atlanta;Finance;104;0,21;2023-01-12;Series D;United States;556;2026-05-19 13:31:54.6766667
322;Cashfree Payments;Bengaluru;Finance;100;NULL;2023-01-12;Series B;India;41;2026-05-19 13:31:54.6766667
323;Mapbox;Washington D.C.;Data;64;NULL;2023-01-12;Unknown;United States;334;2026-05-19 13:31:54.6766667
324;Definitive Healthcare;Boston;Healthcare;55;0,06;2023-01-12;Post-IPO;United States;NULL;2026-05-19 13:31:54.6766667
325;Akili Labs;Baltimore;Healthcare;46;0,3;2023-01-12;Seed;United States;NULL;2026-05-19 13:31:54.6766667
326;Career Karma;SF Bay Area;Education;22;NULL;2023-01-12;Series B;United States;51;2026-05-19 13:31:54.6766667
327;Crypto.com;Singapore;Crypto;NULL;0,2;2023-01-12;Unknown;United States;NULL;2026-05-19 13:31:54.6766667
328;Lattice;SF Bay Area;HR;NULL;0,15;2023-01-12;Series F;United States;328;2026-05-19 13:31:54.6766667
329;Life360;SF Bay Area;Consumer;NULL;0,14;2023-01-12;Post-IPO;United States;158;2026-05-19 13:31:54.6766667
330;Rock Content;Miami;Marketing;NULL;0,15;2023-01-12;Series B;United States;34;2026-05-19 13:31:54.6766667
331;Flexport;SF Bay Area;Logistics;640;0,2;2023-01-11;Series E;United States;2400;2026-05-19 13:31:54.6766667
332;Qualtrics;Salt Lake City;Other;270;0,05;2023-01-11;Post-IPO;United States;400;2026-05-19 13:31:54.6766667
333;Verily;SF Bay Area;Healthcare;250;0,15;2023-01-11;NULL;United States;3500;2026-05-19 13:31:54.6766667
334;Tipalti;SF Bay Area;Finance;123;0,11;2023-01-11;Series F;United States;565;2026-05-19 13:31:54.6766667
335;Jumio;SF Bay Area;Security;100;0,06;2023-01-11;Private Equity;United States;205;2026-05-19 13:31:54.6766667
336;CoinDCX;Mumbai;Crypto;80;NULL;2023-01-11;Series D;India;244;2026-05-19 13:31:54.6766667
337;HashiCorp;SF Bay Area;Security;69;NULL;2023-01-11;Post-IPO;United States;349;2026-05-19 13:31:54.6766667
338;Embark;Boston;Healthcare;41;NULL;2023-01-11;Series B;United States;94;2026-05-19 13:31:54.6766667
339;Intrinsic;SF Bay Area;Other;40;0,2;2023-01-11;Acquired;United States;NULL;2026-05-19 13:31:54.6766667
340;Citizen;New York City;Consumer;33;NULL;2023-01-11;Series C;United States;133;2026-05-19 13:31:54.6766667
341;Carta;SF Bay Area;HR;NULL;0,1;2023-01-11;Series G;United States;1100;2026-05-19 13:31:54.6766667
342;Limeade;Seattle;HR;NULL;0,15;2023-01-11;Series C;United States;33;2026-05-19 13:31:54.6766667
343;Paddle;London;Finance;NULL;0,08;2023-01-11;Series D;United Kingdom;293;2026-05-19 13:31:54.6766667
344;Coinbase;SF Bay Area;Crypto;950;0,2;2023-01-10;Post-IPO;United States;549;2026-05-19 13:31:54.6766667
345;Informatica;SF Bay Area;Data;450;0,07;2023-01-10;Post-IPO;United States;NULL;2026-05-19 13:31:54.6766667
346;Blend;SF Bay Area;Finance;340;0,28;2023-01-10;Post-IPO;United States;665;2026-05-19 13:31:54.6766667
347;Till Payments;Sydney;Finance;120;NULL;2023-01-10;Series C;Australia;95;2026-05-19 13:31:54.6766667
348;ConsenSys;New York City;Crypto;100;0,11;2023-01-10;Series D;United States;726;2026-05-19 13:31:54.6766667
349;ForeScout;SF Bay Area;Security;100;0,1;2023-01-10;Post-IPO;United States;125;2026-05-19 13:31:54.6766667
350;Thinkific;Vancouver;Education;76;0,19;2023-01-10;Post-IPO;Canada;22;2026-05-19 13:31:54.6766667
351;LEAD;Mumbai;Education;60;NULL;2023-01-10;Series E;India;190;2026-05-19 13:31:54.6766667
352;Parler;Nashville;Consumer;60;0,75;2023-01-10;Series B;United States;36;2026-05-19 13:31:54.6766667
353;GoBolt;Toronto;Logistics;55;0,05;2023-01-10;Series C;Canada;178;2026-05-19 13:31:54.6766667
354;Relevel;Bengaluru;HR;40;0,2;2023-01-10;NULL;India;NULL;2026-05-19 13:31:54.6766667
355;StreamElements;Tel Aviv;Media;40;0,2;2023-01-10;Series B;Israel;111;2026-05-19 13:31:54.6766667
356;Beamery;London;HR;NULL;0,12;2023-01-10;Series D;United States;223;2026-05-19 13:31:54.6766667
357;Citrix;Miami;Infrastructure;NULL;0,15;2023-01-10;Acquired;United States;20;2026-05-19 13:31:54.6766667
358;Esper;Seattle;Other;NULL;0,21;2023-01-10;Series A;United States;10;2026-05-19 13:31:54.6766667
359;WHOOP;Boston;Fitness;NULL;0,04;2023-01-10;Series F;United States;404;2026-05-19 13:31:54.6766667
360;Fate Therapeutics;San Diego;Healthcare;315;0,57;2023-01-09;Post-IPO;United States;1200;2026-05-19 13:31:54.6766667
361;Editas Medicine;Boston;Healthcare;NULL;0,2;2023-01-09;Post-IPO;United States;656;2026-05-19 13:31:54.6766667
362;Scale AI;SF Bay Area;Data;NULL;0,2;2023-01-09;Series E;United States;602;2026-05-19 13:31:54.6766667
363;Minute Media;London;Media;50;0,1;2023-01-08;Series I;United Kingdom;160;2026-05-19 13:31:54.6766667
364;WalkMe;SF Bay Area;Other;43;0,03;2023-01-08;Post-IPO;United States;307;2026-05-19 13:31:54.6766667
365;Huobi;Beijing;Crypto;275;0,2;2023-01-06;Unknown;China;2;2026-05-19 13:31:54.6766667
366;Carbon Health;SF Bay Area;Healthcare;200;NULL;2023-01-06;Series D;United States;522;2026-05-19 13:31:54.6766667
367;Bounce;Bengaluru;Transportation;40;0,05;2023-01-06;Series D;India;214;2026-05-19 13:31:54.6766667
368;Lantern;Grand Rapids;Retail;NULL;1;2023-01-06;Seed;United States;40;2026-05-19 13:31:54.6766667
369;Mojo Vision;SF Bay Area;Hardware;NULL;0,75;2023-01-06;Series B;United States;204;2026-05-19 13:31:54.6766667
370;SuperRare;Wilmington;Crypto;NULL;0,3;2023-01-06;Series A;United States;9;2026-05-19 13:31:54.6766667
371;Cue;San Diego;Healthcare;388;NULL;2023-01-05;Post-IPO;United States;999;2026-05-19 13:31:54.6766667
372;SoundHound;SF Bay Area;Other;200;0,5;2023-01-05;Post-IPO;United States;326;2026-05-19 13:31:54.6766667
373;Socure;Reno;Finance;104;0,19;2023-01-05;Series E;United States;646;2026-05-19 13:31:54.6766667
374;Genesis;New York City;Crypto;60;0,3;2023-01-05;Series A;United States;NULL;2026-05-19 13:31:54.6766667
375;Moglix;Singapore;Retail;40;0,02;2023-01-05;Series F;Singapore;472;2026-05-19 13:31:54.6766667
376;Twitter;SF Bay Area;Consumer;40;NULL;2023-01-05;Post-IPO;United States;12900;2026-05-19 13:31:54.6766667
377;Everlane;SF Bay Area;Retail;30;0,17;2023-01-05;Unknown;United States;176;2026-05-19 13:31:54.6766667
378;Pecan AI;Tel Aviv;Data;30;0,25;2023-01-05;Series C;Israel;116;2026-05-19 13:31:54.6766667
379;Personetics;New York City;Support;30;0,08;2023-01-05;Private Equity;United States;178;2026-05-19 13:31:54.6766667
380;Twine Solutions;Tel Aviv;Hardware;30;0,33;2023-01-05;Unknown;Israel;50;2026-05-19 13:31:54.6766667
381;UpScalio;Gurugram;Retail;25;0,15;2023-01-05;Series B;India;62;2026-05-19 13:31:54.6766667
382;Attentive;New York City;Marketing;NULL;0,15;2023-01-05;Series E;United States;863;2026-05-19 13:31:54.6766667
383;Stitch Fix;SF Bay Area;Retail;NULL;0,2;2023-01-05;Post-IPO;United States;79;2026-05-19 13:31:54.6766667
384;TCR2;Boston;Healthcare;NULL;0,4;2023-01-05;Post-IPO;United States;173;2026-05-19 13:31:54.6766667
385;Amazon;Seattle;Retail;8000;0,02;2023-01-04;Post-IPO;United States;108;2026-05-19 13:31:54.6766667
386;Salesforce;SF Bay Area;Sales;8000;0,1;2023-01-04;Post-IPO;United States;65;2026-05-19 13:31:54.6766667
387;Astronomer;Cincinnati;Data;76;0,2;2023-01-04;Series C;United States;282;2026-05-19 13:31:54.6766667
388;Kaltura;New York City;Media;75;0,11;2023-01-04;Post-IPO;United States;166;2026-05-19 13:31:54.6766667
389;Augury;New York City;Manufacturing;20;0,05;2023-01-04;Series E;United States;274;2026-05-19 13:31:54.6766667
390;Butterfly Network;Boston;Healthcare;NULL;0,25;2023-01-04;Post-IPO;United States;530;2026-05-19 13:31:54.6766667
391;Vimeo;New York City;Consumer;NULL;0,11;2023-01-04;Post-IPO;United States;450;2026-05-19 13:31:54.6766667
392;Wyre;SF Bay Area;Crypto;NULL;1;2023-01-04;Unknown;United States;29;2026-05-19 13:31:54.6766667
393;Pegasystems;Boston;HR;245;0,04;2023-01-03;Post-IPO;United States;NULL;2026-05-19 13:31:54.6766667
394;Uniphore;SF Bay Area;Support;76;0,1;2023-01-03;Series E;United States;620;2026-05-19 13:31:54.6766667
395;Harappa;New Delhi;Education;60;0,3;2023-01-03;Acquired;India;NULL;2026-05-19 13:31:54.6766667
396;ByteDance;Shanghai;Consumer;NULL;0,1;2023-01-03;Unknown;China;9400;2026-05-19 13:31:54.6766667
397;Amdocs;St. Louis;Support;700;0,03;2023-01-02;Post-IPO;United States;NULL;2026-05-19 13:31:54.6766667
398;Bilibili;Shanghai;Media;NULL;0,3;2022-12-27;Post-IPO;China;3700;2026-05-19 13:31:54.6766667
399;Octopus Network;Beau Vallon;Crypto;NULL;0,4;2022-12-27;Series A;Seychelles;8;2026-05-19 13:31:54.6766667
400;PayU;Amsterdam;Finance;150;0,06;2022-12-26;Acquired;Netherlands;NULL;2026-05-19 13:31:54.6766667
401;Element;London;Other;NULL;0,15;2022-12-25;Series B;United Kingdom;96;2026-05-19 13:31:54.6766667
402;Willow;Sydney;Real Estate;99;0,22;2022-12-23;Unknown;Australia;NULL;2026-05-19 13:31:54.6766667
403;Back Market;Paris;Retail;93;0,13;2022-12-23;Series E;France;1000;2026-05-19 13:31:54.6766667
404;Zoopla;London;Real Estate;50;NULL;2022-12-23;Series C;United Kingdom;25;2026-05-19 13:31:54.6766667
405;Qualcomm;San Diego;Hardware;153;NULL;2022-12-22;Post-IPO;United States;NULL;2026-05-19 13:31:54.6766667
406;TuSimple;San Diego;Transportation;350;0,25;2022-12-21;Post-IPO;United States;648;2026-05-19 13:31:54.6766667
407;Lendis;Berlin;Other;NULL;0,5;2022-12-21;Series A;Germany;90;2026-05-19 13:31:54.6766667
408;Chope;Singapore;Food;65;0,24;2022-12-20;Series E;Singapore;50;2026-05-19 13:31:54.6766667
409;Briza;Toronto;Finance;26;0,4;2022-12-20;Series A;Canada;10;2026-05-19 13:31:54.6766667
410;Zhihu;Beijing;Consumer;NULL;0,1;2022-12-20;Series F;China;892;2026-05-19 13:31:54.6766667
411;Homebot;Denver;Real Estate;18;0,13;2022-12-19;Acquired;United States;4;2026-05-19 13:31:54.6766667
412;YourGrocer;Melbourne;Food;NULL;1;2022-12-19;Unknown;Australia;2;2026-05-19 13:31:54.6766667
413;Tomorrow;Hamburg;Finance;30;0,25;2022-12-16;Unknown;Germany;29;2026-05-19 13:31:54.6766667
414;Revelate;Montreal;Data;24;0,3;2022-12-16;Series A;Canada;26;2026-05-19 13:31:54.6766667
415;Improbable;London;Other;NULL;0,1;2022-12-16;Unknown;United Kingdom;704;2026-05-19 13:31:54.6766667
416;Modern Treasury;SF Bay Area;Finance;NULL;0,18;2022-12-16;Series C;United States;183;2026-05-19 13:31:54.6766667
417;Reach;Calgary;Retail;NULL;0,12;2022-12-16;Series A;Canada;30;2026-05-19 13:31:54.6766667
418;SonderMind;Denver;Healthcare;NULL;0,15;2022-12-16;Series C;United States;183;2026-05-19 13:31:54.6766667
419;BigCommerce;Austin;Retail;180;0,13;2022-12-15;Post-IPO;United States;224;2026-05-19 13:31:54.6766667
420;Freshworks;SF Bay Area;Support;90;0,02;2022-12-15;Post-IPO;United States;484;2026-05-19 13:31:54.6766667
421;LeafLink;New York City;Other;80;0,31;2022-12-15;Series C;United States;379;2026-05-19 13:31:54.6766667
422;Workmotion;Berlin;HR;60;0,2;2022-12-15;Series B;United States;76;2026-05-19 13:31:54.6766667
423;Apollo;SF Bay Area;Product;NULL;0,15;2022-12-15;Series D;United States;183;2026-05-19 13:31:54.6766667
424;JD.ID;Jakarta;Retail;200;0,3;2022-12-14;Post-IPO;Indonesia;5100;2026-05-19 13:31:54.6766667
425;GoStudent;Vienna;Education;100;NULL;2022-12-14;Series D;Austria;686;2026-05-19 13:31:54.6766667
426;Quanergy Systems;SF Bay Area;Transportation;72;NULL;2022-12-14;Post-IPO;United States;175;2026-05-19 13:31:54.6766667
427;Headspace;Los Angeles;Healthcare;50;0,04;2022-12-14;Unknown;United States;215;2026-05-19 13:31:54.6766667
428;ChowNow;Los Angeles;Food;40;0,1;2022-12-14;Series C;United States;64;2026-05-19 13:31:54.6766667
429;Thumbtack;SF Bay Area;Consumer;160;0,14;2022-12-13;Series I;United States;698;2026-05-19 13:31:54.6766667
430;Edgio;Phoenix;Infrastructure;95;0,1;2022-12-13;Post-IPO;United States;462;2026-05-19 13:31:54.6766667
431;Komodo Health;SF Bay Area;Healthcare;78;0,09;2022-12-13;Series E;United States;514;2026-05-19 13:31:54.6766667
432;Viant;Los Angeles;Marketing;46;0,13;2022-12-13;Post-IPO;United States;NULL;2026-05-19 13:31:54.6766667
433;Pluralsight;Salt Lake City;Education;400;0,2;2022-12-12;Acquired;United States;192;2026-05-19 13:31:54.6766667
434;Freshly;Phoenix;Food;329;NULL;2022-12-12;Acquired;United States;107;2026-05-19 13:31:54.6766667
435;Balto;St. Louis;Sales;35;NULL;2022-12-12;Series B;United States;51;2026-05-19 13:31:54.6766667
436;Outschool;SF Bay Area;Education;43;0,25;2022-12-10;Series D;United States;240;2026-05-19 13:31:54.6766667
437;Xentral;Munich;Product;20;0,1;2022-12-10;Series B;Germany;94;2026-05-19 13:31:54.6766667
438;Playtika;Tel Aviv;Consumer;600;0,15;2022-12-09;Post-IPO;Israel;NULL;2026-05-19 13:31:54.6766667
439;Share Now;Berlin;Transportation;150;0,36;2022-12-09;Acquired;Germany;NULL;2026-05-19 13:31:54.6766667
440;Alice;Sao Paulo;Healthcare;113;0,16;2022-12-09;Series C;Brazil;174;2026-05-19 13:31:54.6766667
441;Primer;London;Finance;85;0,33;2022-12-09;Series B;United Kingdom;73;2026-05-19 13:31:54.6766667
442;OneFootball;Berlin;Marketing;62;0,115;2022-12-09;Series D;Germany;442;2026-05-19 13:31:54.6766667
443;C2FO;Kansas City;Finance;20;0,02;2022-12-09;Series H;United States;537;2026-05-19 13:31:54.6766667
444;Brodmann17;Tel Aviv;Other;NULL;1;2022-12-09;Series A;Israel;25;2026-05-19 13:31:54.6766667
445;Digital Surge;Brisbane;Crypto;NULL;1;2022-12-09;Unknown;Australia;NULL;2026-05-19 13:31:54.6766667
446;ZenLedger;Seattle;Crypto;NULL;0,1;2022-12-09;Series B;United States;25;2026-05-19 13:31:54.6766667
447;Airtable;SF Bay Area;Product;254;0,2;2022-12-08;Series F;United States;1400;2026-05-19 13:31:54.6766667
448;Swiggy;Bengaluru;Food;250;0,03;2022-12-08;Unknown;India;3600;2026-05-19 13:31:54.6766667
449;Glints;Singapore;HR;198;0,18;2022-12-08;Series D;Singapore;82;2026-05-19 13:31:54.6766667
450;Buser;Sao Paulo;Transportation;160;0,3;2022-12-08;Series C;Brazil;138;2026-05-19 13:31:54.6766667
451;BlackLine;Los Angeles;Finance;95;0,05;2022-12-08;Private Equity;United States;220;2026-05-19 13:31:54.6766667
452;Chrono24;Karlsruhe;Retail;80;NULL;2022-12-08;Series C;Germany;205;2026-05-19 13:31:54.6766667
453;Otonomo;Tel Aviv;Transportation;80;0,5;2022-12-08;Post-IPO;Israel;231;2026-05-19 13:31:54.6766667
454;TechTarget;Boston;Marketing;60;0,05;2022-12-08;Post-IPO;United States;115;2026-05-19 13:31:54.6766667
455;Inscripta;Boulder;Healthcare;43;NULL;2022-12-08;Series E;United States;459;2026-05-19 13:31:54.6766667
456;CyCognito;SF Bay Area;Security;30;0,15;2022-12-08;Series C;United States;153;2026-05-19 13:31:54.6766667
457;Armis;SF Bay Area;Security;25;0,04;2022-12-08;Private Equity;United States;537;2026-05-19 13:31:54.6766667
458;Bakkt;Atlanta;Crypto;NULL;0,15;2022-12-08;Post-IPO;United States;932;2026-05-19 13:31:54.6766667
459;Blue Apron;New York City;Food;NULL;0,1;2022-12-08;Post-IPO;United States;352;2026-05-19 13:31:54.6766667
460;Nerdy;St. Louis;Education;NULL;0,17;2022-12-08;Post-IPO;United States;150;2026-05-19 13:31:54.6766667
461;Vanta;SF Bay Area;Security;NULL;0,14;2022-12-08;Series B;United States;203;2026-05-19 13:31:54.6766667
462;Vedantu;Bengaluru;Education;385;NULL;2022-12-07;Series E;India;292;2026-05-19 13:31:54.6766667
463;Loft;Sao Paulo;Real Estate;312;0,12;2022-12-07;Unknown;Brazil;788;2026-05-19 13:31:54.6766667
464;Plaid;SF Bay Area;Finance;260;0,2;2022-12-07;Series D;United States;734;2026-05-19 13:31:54.6766667
465;Motive;SF Bay Area;Transportation;237;0,06;2022-12-07;Series F;United States;567;2026-05-19 13:31:54.6766667
466;Recur Forever;Miami;Crypto;235;NULL;2022-12-07;Series A;United States;55;2026-05-19 13:31:54.6766667
467;Relativity;Chicago;Legal;150;0,1;2022-12-07;Private Equity;United States;125;2026-05-19 13:31:54.6766667
468;Voi;Stockholm;Transportation;130;0,13;2022-12-07;Series D;United States;515;2026-05-19 13:31:54.6766667
469;Integral Ad Science;New York City;Marketing;120;0,13;2022-12-07;Acquired;United States;116;2026-05-19 13:31:54.6766667
470;Houzz;SF Bay Area;Consumer;95;0,08;2022-12-07;Series E;United States;613;2026-05-19 13:31:54.6766667
471;Grover;Berlin;Retail;40;0,1;2022-12-07;Unknown;United States;2300;2026-05-19 13:31:54.6766667
472;Lev;New York City;Real Estate;30;0,3;2022-12-07;Series B;United States;114;2026-05-19 13:31:54.6766667
473;Lithic;New York City;Finance;27;0,18;2022-12-07;Series C;United States;115;2026-05-19 13:31:54.6766667
474;CircleCI;SF Bay Area;Product;NULL;0,17;2022-12-07;Series F;United States;315;2026-05-19 13:31:54.6766667
475;Sayurbox;Jakarta;Food;NULL;0,05;2022-12-07;Series C;Indonesia;139;2026-05-19 13:31:54.6766667
476;Doma;SF Bay Area;Finance;515;0,4;2022-12-06;Post-IPO;United States;679;2026-05-19 13:31:54.6766667
477;Intel;SF Bay Area;Hardware;201;NULL;2022-12-06;Post-IPO;United States;12;2026-05-19 13:31:54.6766667
478;BuzzFeed;New York City;Media;180;0,12;2022-12-06;Post-IPO;United States;696;2026-05-19 13:31:54.6766667
479;Weedmaps;Los Angeles;Other;175;0,25;2022-12-06;Acquired;United States;NULL;2026-05-19 13:31:54.6766667
480;Adobe;SF Bay Area;Marketing;100;NULL;2022-12-06;Post-IPO;United States;2;2026-05-19 13:31:54.6766667
481;Chipper Cash;SF Bay Area;Finance;50;0,125;2022-12-06;Series C;United States;302;2026-05-19 13:31:54.6766667
482;Stash;New York City;Finance;32;0,08;2022-12-06;Unknown;United States;480;2026-05-19 13:31:54.6766667
483;Perimeter 81;Tel Aviv;Security;20;0,08;2022-12-06;Series C;Israel;165;2026-05-19 13:31:54.6766667
484;Koinly;London;Crypto;16;0,14;2022-12-06;Unknown;United Kingdom;NULL;2026-05-19 13:31:54.6766667
485;Bridgit;Waterloo;Construction;13;0,13;2022-12-06;Series B;Canada;36;2026-05-19 13:31:54.6766667
486;Nextiva;Phoenix;Other;NULL;0,17;2022-12-06;Private Equity;United States;200;2026-05-19 13:31:54.6766667
487;OneStudyTeam;Boston;Healthcare;NULL;0,25;2022-12-06;Series D;United States;479;2026-05-19 13:31:54.6766667
488;Zuora;SF Bay Area;Finance;NULL;0,11;2022-12-06;Post-IPO;United States;647;2026-05-19 13:31:54.6766667
489;Swyftx;Brisbane;Crypto;90;0,4;2022-12-05;Unknown;Australia;NULL;2026-05-19 13:31:54.6766667
490;Aqua Security;Boston;Security;65;0,1;2022-12-05;Series E;United States;265;2026-05-19 13:31:54.6766667
491;DataRails;Tel Aviv;Finance;30;0,18;2022-12-05;Series B;Israel;103;2026-05-19 13:31:54.6766667
492;OYO;Gurugram;Travel;600;NULL;2022-12-03;Series F;India;4000;2026-05-19 13:31:54.6766667
493;HealthifyMe;Bengaluru;Fitness;150;NULL;2022-12-03;Series C;India;100;2026-05-19 13:31:54.6766667
494;Bybit;Singapore;Crypto;NULL;0,3;2022-12-03;Unknown;Singapore;NULL;2026-05-19 13:31:54.6766667
495;Cognyte;Tel Aviv;Security;100;0,05;2022-12-02;Unknown;Israel;NULL;2026-05-19 13:31:54.6766667
496;ShareChat;Bengaluru;Consumer;100;NULL;2022-12-02;Unknown;India;1700;2026-05-19 13:31:54.6766667
497;Polly;Burlington;Finance;47;0,15;2022-12-02;Series C;United States;184;2026-05-19 13:31:54.6766667
498;Lora DiCarlo;Bend;Consumer;NULL;1;2022-12-02;Unknown;United States;9;2026-05-19 13:31:54.6766667
499;Carousell;Singapore;Retail;110;0,1;2022-12-01;Private Equity;Singapore;372;2026-05-19 13:31:54.6766667
500;Bizzabo;New York City;Marketing;100;0,37;2022-12-01;Series E;United States;194;2026-05-19 13:31:54.6766667
501;BloomTech;SF Bay Area;Education;88;0,5;2022-12-01;Unknown;United States;NULL;2026-05-19 13:31:54.6766667
502;Netlify;SF Bay Area;Product;48;0,16;2022-12-01;Series D;United States;212;2026-05-19 13:31:54.6766667
503;Springbig;Miami;Sales;37;0,23;2022-12-01;Post-IPO;United States;32;2026-05-19 13:31:54.6766667
504;Podium;Lehi;Support;NULL;0,12;2022-12-01;Series D;United States;419;2026-05-19 13:31:54.6766667
505;SQZ Biotech;Boston;Healthcare;NULL;0,6;2022-12-01;Post-IPO;United States;229;2026-05-19 13:31:54.6766667
506;Strava;SF Bay Area;Fitness;NULL;0,14;2022-12-01;Series F;United States;151;2026-05-19 13:31:54.6766667
507;Synlogic;Boston;Healthcare;NULL;0,25;2022-12-01;Post-IPO;United States;321;2026-05-19 13:31:54.6766667
508;DoorDash;SF Bay Area;Food;1250;0,06;2022-11-30;Post-IPO;United States;2500;2026-05-19 13:31:54.6766667
509;Kraken;SF Bay Area;Crypto;1100;0,3;2022-11-30;Unknown;United States;134;2026-05-19 13:31:54.6766667
510;Happy Money;Los Angeles;Finance;158;0,34;2022-11-30;Series D;United States;191;2026-05-19 13:31:54.6766667
511;Ula;Jakarta;Retail;134;0,23;2022-11-30;Series B;Indonesia;140;2026-05-19 13:31:54.6766667
512;Wonder;New York City;Food;130;0,07;2022-11-30;Series B;United States;850;2026-05-19 13:31:54.6766667
513;StudySmarter;Berlin;Education;70;NULL;2022-11-30;Series A;Germany;64;2026-05-19 13:31:54.6766667
514;Grin;Sacramento;Marketing;60;0,13;2022-11-30;Series B;United States;145;2026-05-19 13:31:54.6766667
515;Ual├í;Buenos Aires;Finance;53;0,03;2022-11-30;Series D;Argentina;544;2026-05-19 13:31:54.6766667
516;Teachmint;Bengaluru;Education;45;0,05;2022-11-30;Series B;India;118;2026-05-19 13:31:54.6766667
517;Etermax;Buenos Aires;Other;40;NULL;2022-11-30;Unknown;Argentina;NULL;2026-05-19 13:31:54.6766667
518;Thread;London;Retail;30;0,5;2022-11-30;Acquired;United Kingdom;40;2026-05-19 13:31:54.6766667
519;Elastic;SF Bay Area;Data;NULL;0,13;2022-11-30;Post-IPO;United States;162;2026-05-19 13:31:54.6766667
520;Sana;Seattle;Healthcare;NULL;0,15;2022-11-30;Series A;United States;700;2026-05-19 13:31:54.6766667
521;Bitso;Mexico City;Crypto;100;NULL;2022-11-29;Series C;Mexico;378;2026-05-19 13:31:54.6766667
522;Lyst;London;Retail;50;0,25;2022-11-29;Unknown;United Kingdom;144;2026-05-19 13:31:54.6766667
523;CoinJar;Melbourne;Crypto;10;0,2;2022-11-29;Unknown;Australia;1;2026-05-19 13:31:54.6766667
524;Bitfront;SF Bay Area;Crypto;NULL;1;2022-11-29;Unknown;United States;NULL;2026-05-19 13:31:54.6766667
525;Codexis;SF Bay Area;Healthcare;NULL;0,18;2022-11-29;Post-IPO;United States;162;2026-05-19 13:31:54.6766667
526;Firework;SF Bay Area;Retail;NULL;0,1;2022-11-29;Series B;United States;269;2026-05-19 13:31:54.6766667
527;MessageBird;Amsterdam;Other;NULL;0,31;2022-11-29;Series C;Netherlands;1100;2026-05-19 13:31:54.6766667
528;Plerk;Guadalajara;Finance;NULL;0,4;2022-11-29;Series A;Mexico;13;2026-05-19 13:31:54.6766667
529;Infarm;Berlin;Other;500;0,5;2022-11-28;Series D;Germany;604;2026-05-19 13:31:54.6766667
530;Wildlife Studios;Sao Paulo;Consumer;300;0,2;2022-11-28;Unknown;Brazil;260;2026-05-19 13:31:54.6766667
531;Hirect;Bengaluru;Recruiting;200;0,4;2022-11-28;Series A;India;NULL;2026-05-19 13:31:54.6766667
532;ApplyBoard;Waterloo;Education;90;0,06;2022-11-28;Series D;Canada;483;2026-05-19 13:31:54.6766667
533;Ajaib;Jakarta;Finance;67;0,08;2022-11-28;Unknown;Indonesia;245;2026-05-19 13:31:54.6766667
534;Candy Digital;New York City;Crypto;33;0,33;2022-11-28;Series A;United States;100;2026-05-19 13:31:54.6766667
535;ResearchGate;Berlin;Other;25;0,1;2022-11-28;Series D;Germany;87;2026-05-19 13:31:54.6766667
536;BlockFi;New York City;Crypto;NULL;1;2022-11-28;Series E;United States;1000;2026-05-19 13:31:54.6766667
537;NCX;SF Bay Area;Energy;NULL;0,4;2022-11-28;Series B;United States;78;2026-05-19 13:31:54.6766667
538;Change Invest;Amsterdam;Finance;NULL;0,24;2022-11-27;Unknown;Netherlands;22;2026-05-19 13:31:54.6766667
539;VerSe Innovation;Bengaluru;Media;150;0,05;2022-11-25;Series J;India;1700;2026-05-19 13:31:54.6766667
540;Carwow;London;Transportation;70;0,2;2022-11-25;Unknown;United Kingdom;157;2026-05-19 13:31:54.6766667
541;Vendease;Lagos;Food;27;0,09;2022-11-25;Series A;Nigeria;43;2026-05-19 13:31:54.6766667
542;Lemon;Buenos Aires;Crypto;100;0,38;2022-11-24;Series A;Argentina;17;2026-05-19 13:31:54.6766667
543;Quidax;Lagos;Crypto;20;0,2;2022-11-24;Unknown;Nigeria;3;2026-05-19 13:31:54.6766667
544;Assure;Salt Lake City;Finance;NULL;1;2022-11-23;Seed;United States;2;2026-05-19 13:31:54.6766667
545;GoodGood;Toronto;Retail;NULL;1;2022-11-23;Seed;Canada;6;2026-05-19 13:31:54.6766667
546;SWVL;Cairo;Transportation;NULL;0,5;2022-11-23;Post-IPO;Egypt;264;2026-05-19 13:31:54.6766667
547;Western Digital;SF Bay Area;Hardware;251;NULL;2022-11-22;Post-IPO;United States;900;2026-05-19 13:31:54.6766667
548;SIRCLO;Jakarta;Retail;160;0,08;2022-11-22;Series B;Indonesia;92;2026-05-19 13:31:54.6766667
549;Trax;Singapore;Retail;80;0,08;2022-11-22;Series E;Singapore;1000;2026-05-19 13:31:54.6766667
550;Jumia;Lagos;Retail;900;0,2;2022-11-21;Post-IPO;Nigeria;1200;2026-05-19 13:31:54.6766667
551;Kitopi;Dubai;Food;93;0,1;2022-11-21;Series C;United States;804;2026-05-19 13:31:54.6766667
552;Devo;Boston;Security;NULL;0,15;2022-11-21;Series F;United States;481;2026-05-19 13:31:54.6766667
553;GloriFi;Dallas;Finance;NULL;1;2022-11-21;Unknown;United States;NULL;2026-05-19 13:31:54.6766667
554;Zomato;Gurugram;Food;100;0,04;2022-11-19;Series J;India;914;2026-05-19 13:31:54.6766667
555;Carvana;Phoenix;Transportation;1500;0,08;2022-11-18;Post-IPO;United States;1600;2026-05-19 13:31:54.6766667
556;Nuro;SF Bay Area;Transportation;300;0,2;2022-11-18;Series D;United States;2100;2026-05-19 13:31:54.6766667
557;Synthego;SF Bay Area;Healthcare;105;0,2;2022-11-18;Series E;United States;459;2026-05-19 13:31:54.6766667
558;Splyt;London;Transportation;57;NULL;2022-11-18;Series B;United Kingdom;34;2026-05-19 13:31:54.6766667
559;Capitolis;New York City;Finance;NULL;0,25;2022-11-18;Series D;United States;281;2026-05-19 13:31:54.6766667
560;StoryBlocks;Washington D.C.;Media;NULL;0,25;2022-11-18;Acquired;United States;18;2026-05-19 13:31:54.6766667
561;Unchained Capital;Austin;Crypto;NULL;0,15;2022-11-18;Series A;United States;33;2026-05-19 13:31:54.6766667
562;Roku;SF Bay Area;Media;200;0,07;2022-11-17;Post-IPO;United States;208;2026-05-19 13:31:54.6766667
563;Orchard;New York City;Real Estate;180;NULL;2022-11-17;Series D;United States;472;2026-05-19 13:31:54.6766667
564;Homepoint;Phoenix;Real Estate;113;NULL;2022-11-17;Post-IPO;United States;NULL;2026-05-19 13:31:54.6766667
565;Juni;Gothenburg;Finance;72;0,33;2022-11-17;Unknown;Sweden;281;2026-05-19 13:31:54.6766667
566;Chili Piper;New York City;Sales;58;NULL;2022-11-17;Series B;United States;54;2026-05-19 13:31:54.6766667
567;Capitolis;New York City;Finance;37;0,25;2022-11-17;Series D;United States;281;2026-05-19 13:31:54.6766667
568;TealBook;Toronto;Other;34;0,19;2022-11-17;Series B;Canada;73;2026-05-19 13:31:54.6766667
569;Koho;Toronto;Finance;15;0,04;2022-11-17;Series D;Canada;278;2026-05-19 13:31:54.6766667
570;&Open;Dublin;Marketing;9;0,09;2022-11-17;Series A;Ireland;35;2026-05-19 13:31:54.6766667
571;Kandji;San Diego;Other;NULL;0,17;2022-11-17;Series C;United States;188;2026-05-19 13:31:54.6766667
572;Morning Brew;New York City;Media;NULL;0,14;2022-11-17;Acquired;United States;NULL;2026-05-19 13:31:54.6766667
573;Symend;Calgary;Other;NULL;0,13;2022-11-17;Series C;Canada;148;2026-05-19 13:31:54.6766667
574;Amazon;Seattle;Retail;10000;0,03;2022-11-16;Post-IPO;United States;108;2026-05-19 13:31:54.6766667
575;Cisco;SF Bay Area;Infrastructure;4100;0,05;2022-11-16;Post-IPO;United States;2;2026-05-19 13:31:54.6766667
576;Twiga;Nairobi;Food;211;0,21;2022-11-16;Series C;Kenya;157;2026-05-19 13:31:54.6766667
577;Wayflyer;Dublin;Marketing;200;0,4;2022-11-16;Unknown;Ireland;889;2026-05-19 13:31:54.6766667
578;SimilarWeb;New York City;Other;120;0,1;2022-11-16;Post-IPO;United States;235;2026-05-19 13:31:54.6766667
579;Salsify;Boston;Retail;90;0,11;2022-11-16;Series F;United States;452;2026-05-19 13:31:54.6766667
580;Lokalise;Dover;Other;76;0,23;2022-11-16;Series B;United States;56;2026-05-19 13:31:54.6766667
581;Yotpo;New York City;Marketing;70;0,09;2022-11-16;Unknown;United States;436;2026-05-19 13:31:54.6766667
582;Pear Therapeutics;Boston;Healthcare;59;0,22;2022-11-16;Post-IPO;United States;409;2026-05-19 13:31:54.6766667
583;D2L;Waterloo;Education;NULL;0,05;2022-11-16;Post-IPO;Canada;168;2026-05-19 13:31:54.6766667
584;Dance;Berlin;Transportation;NULL;0,16;2022-11-16;Unknown;Germany;63;2026-05-19 13:31:54.6766667
585;Homeward;Austin;Real Estate;NULL;0,25;2022-11-16;Unknown;United States;501;2026-05-19 13:31:54.6766667
586;Hopin;London;Other;NULL;0,17;2022-11-16;Series D;United Kingdom;1000;2026-05-19 13:31:54.6766667
587;Kite;SF Bay Area;Product;NULL;1;2022-11-16;Series A;United States;21;2026-05-19 13:31:54.6766667
588;UiPath;New York City;Data;241;0,06;2022-11-15;Post-IPO;United States;2000;2026-05-19 13:31:54.6766667
589;Asana;SF Bay Area;Other;180;0,09;2022-11-15;Post-IPO;United States;453;2026-05-19 13:31:54.6766667
590;OwnBackup;New York City;Security;170;0,17;2022-11-15;Series E;United States;507;2026-05-19 13:31:54.6766667
591;Deliveroo Australia;Melbourne;Food;120;1;2022-11-15;Post-IPO;Australia;1700;2026-05-19 13:31:54.6766667
592;Productboard;SF Bay Area;Product;100;0,2;2022-11-15;Series D;United States;NULL;2026-05-19 13:31:54.6766667
593;Properly;Toronto;Real Estate;71;NULL;2022-11-15;Series B;Canada;154;2026-05-19 13:31:54.6766667
594;Protocol;SF Bay Area;Media;60;1;2022-11-15;Acquired;United States;NULL;2026-05-19 13:31:54.6766667
595;Jimdo;Hamburg;Other;50;0,16;2022-11-15;Unknown;Germany;28;2026-05-19 13:31:54.6766667
596;The Zebra;Austin;Finance;50;NULL;2022-11-15;Series D;United States;256;2026-05-19 13:31:54.6766667
597;Viber;Luxembourg;Consumer;45;0,08;2022-11-15;Acquired;Luxembourg;NULL;2026-05-19 13:31:54.6766667
598;CaptivateIQ;SF Bay Area;Sales;31;0,1;2022-11-15;Series C;United States;164;2026-05-19 13:31:54.6766667
599;Apollo Insurance;Vancouver;Finance;NULL;0,25;2022-11-15;Series B;Canada;11;2026-05-19 13:31:54.6766667
600;Nirvana Money;Miami;Finance;NULL;1;2022-11-15;Unknown;United States;NULL;2026-05-19 13:31:54.6766667
601;OfferUp;Seattle;Retail;NULL;0,19;2022-11-15;Unknown;United States;381;2026-05-19 13:31:54.6766667
602;Outside;Boulder;Media;NULL;0,12;2022-11-15;Series B;United States;174;2026-05-19 13:31:54.6766667
603;Rubicon Technologies;Lexington;Other;NULL;0,11;2022-11-15;Post-IPO;United States;382;2026-05-19 13:31:54.6766667
604;Whispir;Melbourne;Other;NULL;0,3;2022-11-15;Post-IPO;Australia;68;2026-05-19 13:31:54.6766667
605;Illumina;San Diego;Healthcare;500;0,05;2022-11-14;Post-IPO;United States;28;2026-05-19 13:31:54.6766667
606;Sema4;Stamford;Healthcare;500;NULL;2022-11-14;Post-IPO;United States;791;2026-05-19 13:31:54.6766667
607;iFit;Logan;Fitness;300;0,2;2022-11-14;Private Equity;United States;200;2026-05-19 13:31:54.6766667
608;Ribbon;New York City;Real Estate;170;0,85;2022-11-14;Series C;United States;405;2026-05-19 13:31:54.6766667
609;Pipedrive;Tallinn;Sales;143;0,15;2022-11-14;Private Equity;Estonia;90;2026-05-19 13:31:54.6766667
610;Intercom;SF Bay Area;Support;124;0,13;2022-11-14;Series D;United States;240;2026-05-19 13:31:54.6766667
611;Science 37;Los Angeles;Healthcare;90;NULL;2022-11-14;Post-IPO;United States;347;2026-05-19 13:31:54.6766667
612;Pear Therapeutics;Boston;Healthcare;59;0,22;2022-11-14;Post-IPO;United States;409;2026-05-19 13:31:54.6766667
613;Cardlytics;Atlanta;Marketing;51;NULL;2022-11-14;Post-IPO;United States;212;2026-05-19 13:31:54.6766667
614;Cloudinary;SF Bay Area;Media;40;0,08;2022-11-14;Unknown;United States;100;2026-05-19 13:31:54.6766667
615;Nestcoin;Lagos;Crypto;30;NULL;2022-11-14;Seed;Nigeria;6;2026-05-19 13:31:54.6766667
616;Gokada;Lagos;Transportation;20;NULL;2022-11-14;Unknown;Nigeria;12;2026-05-19 13:31:54.6766667
617;Tricida;SF Bay Area;Healthcare;NULL;0,57;2022-11-14;Post-IPO;United States;624;2026-05-19 13:31:54.6766667
618;Veev;SF Bay Area;Real Estate;100;0,3;2022-11-11;Series D;United States;597;2026-05-19 13:31:54.6766667
619;Forto;Berlin;Logistics;60;0,08;2022-11-11;Series D;United States;593;2026-05-19 13:31:54.6766667
620;Offerpad;Phoenix;Real Estate;NULL;0,07;2022-11-11;Post-IPO;United States;355;2026-05-19 13:31:54.6766667
621;GoTo Group;Jakarta;Transportation;1300;0,12;2022-11-10;Post-IPO;Indonesia;1300;2026-05-19 13:31:54.6766667
622;Juul;SF Bay Area;Consumer;400;0,3;2022-11-10;Unknown;United States;1500;2026-05-19 13:31:54.6766667
623;Blend;SF Bay Area;Finance;100;0,06;2022-11-10;Post-IPO;United States;665;2026-05-19 13:31:54.6766667
624;InfluxData;SF Bay Area;Data;65;0,27;2022-11-10;Series D;United States;119;2026-05-19 13:31:54.6766667
625;Coinbase;SF Bay Area;Crypto;60;NULL;2022-11-10;Post-IPO;United States;549;2026-05-19 13:31:54.6766667
626;SoundHound;SF Bay Area;Other;45;0,1;2022-11-10;Post-IPO;United States;326;2026-05-19 13:31:54.6766667
627;Wistia;Boston;Marketing;40;NULL;2022-11-10;Unknown;United States;18;2026-05-19 13:31:54.6766667
628;Ocavu;Lehi;Crypto;20;0,48;2022-11-10;Series A;United States;11;2026-05-19 13:31:54.6766667
629;Avast;Phoenix;Security;NULL;0,25;2022-11-10;Unknown;United States;NULL;2026-05-19 13:31:54.6766667
630;SendCloud;Eindhoven;Logistics;NULL;0,1;2022-11-10;Series C;United States;200;2026-05-19 13:31:54.6766667
631;Wavely;SF Bay Area;HR;NULL;1;2022-11-10;Unknown;United States;NULL;2026-05-19 13:31:54.6766667
632;Meta;SF Bay Area;Consumer;11000;0,13;2022-11-09;Post-IPO;United States;26000;2026-05-19 13:31:54.6766667
633;Redfin;Seattle;Real Estate;862;0,13;2022-11-09;Post-IPO;United States;320;2026-05-19 13:31:54.6766667
634;Flyhomes;Seattle;Real Estate;300;0,4;2022-11-09;Series C;United States;310;2026-05-19 13:31:54.6766667
635;AvantStay;Los Angeles;Travel;144;0,22;2022-11-09;Private Equity;United States;686;2026-05-19 13:31:54.6766667
636;Root Insurance;Columbus;Finance;137;0,2;2022-11-09;Post-IPO;United States;527;2026-05-19 13:31:54.6766667
637;Liftoff;SF Bay Area;Marketing;130;0,15;2022-11-09;Acquired;United States;6;2026-05-19 13:31:54.6766667
638;Cameo;Chicago;Consumer;80;NULL;2022-11-09;Unknown;United States;165;2026-05-19 13:31:54.6766667
639;Plum;Bengaluru;Healthcare;36;0,1;2022-11-09;Series A;India;20;2026-05-19 13:31:54.6766667
640;Kabam;SF Bay Area;Consumer;35;0,07;2022-11-09;Acquired;United States;244;2026-05-19 13:31:54.6766667
641;HighRadius;Bengaluru;Finance;25;NULL;2022-11-09;Series C;India;475;2026-05-19 13:31:54.6766667
642;Namogoo;Tel Aviv;Marketing;25;0,15;2022-11-09;Series C;United States;69;2026-05-19 13:31:54.6766667
643;CloudFactory;Nairobi;Data;NULL;0,12;2022-11-09;Private Equity;Kenya;78;2026-05-19 13:31:54.6766667
644;Faze Medicines;Boston;Healthcare;NULL;1;2022-11-09;Series B;United States;81;2026-05-19 13:31:54.6766667
645;RingCentral;SF Bay Area;Other;NULL;0,1;2022-11-09;Post-IPO;United States;44;2026-05-19 13:31:54.6766667
646;EverBridge;Boston;Other;200;NULL;2022-11-08;Post-IPO;United States;476;2026-05-19 13:31:54.6766667
647;Repertoire Immune Medicines;Boston;Healthcare;65;0,5;2022-11-08;Series B;United States;257;2026-05-19 13:31:54.6766667
648;Astra;SF Bay Area;Aerospace;NULL;0,16;2022-11-08;Post-IPO;United States;300;2026-05-19 13:31:54.6766667
649;NanoString;Seattle;Healthcare;NULL;0,1;2022-11-08;Post-IPO;United States;731;2026-05-19 13:31:54.6766667
650;SADA;Los Angeles;Other;NULL;0,11;2022-11-08;Acquired;United States;NULL;2026-05-19 13:31:54.6766667
651;Salesforce;SF Bay Area;Sales;1000;0,01;2022-11-07;Post-IPO;United States;65;2026-05-19 13:31:54.6766667
652;Unacademy;Bengaluru;Education;350;0,1;2022-11-07;Series H;India;838;2026-05-19 13:31:54.6766667
653;Zendesk;SF Bay Area;Support;350;0,05;2022-11-07;Acquired;United States;85;2026-05-19 13:31:54.6766667
654;Dock;Sao Paulo;Finance;190;0,12;2022-11-07;Private Equity;Brazil;280;2026-05-19 13:31:54.6766667
655;Code42;Minneapolis;Security;NULL;0,15;2022-11-07;Unknown;United States;137;2026-05-19 13:31:54.6766667
656;Domino Data Lab;SF Bay Area;Data;NULL;0,25;2022-11-07;Series F;United States;223;2026-05-19 13:31:54.6766667
657;Varonis;New York City;Security;110;0,05;2022-11-06;Post-IPO;United States;30;2026-05-19 13:31:54.6766667
658;Brainly;Krakow;Education;25;NULL;2022-11-06;Series D;Poland;148;2026-05-19 13:31:54.6766667
659;Twitter;SF Bay Area;Consumer;3700;0,5;2022-11-04;Post-IPO;United States;12900;2026-05-19 13:31:54.6766667
660;Udaan;Bengaluru;Retail;350;NULL;2022-11-04;Unknown;India;1500;2026-05-19 13:31:54.6766667
661;Planetly;Berlin;Other;200;1;2022-11-04;Acquired;Germany;5;2026-05-19 13:31:54.6766667
662;KoinWorks;Jakarta;Finance;70;0,08;2022-11-04;Unknown;Indonesia;180;2026-05-19 13:31:54.6766667
663;Exodus;Nebraska City;Crypto;59;0,22;2022-11-04;Unknown;United States;60;2026-05-19 13:31:54.6766667
664;Benitago Group;New York City;Retail;NULL;0,14;2022-11-04;Series A;United States;380;2026-05-19 13:31:54.6766667
665;Mythical Games;Los Angeles;Crypto;NULL;0,1;2022-11-04;Series C;United States;260;2026-05-19 13:31:54.6766667
666;Stripe;SF Bay Area;Finance;1000;0,14;2022-11-03;Series H;United States;2300;2026-05-19 13:31:54.6766667
667;Lyft;SF Bay Area;Transportation;700;0,13;2022-11-03;Post-IPO;United States;4900;2026-05-19 13:31:54.6766667
668;LendingTree;Charlotte;Finance;200;NULL;2022-11-03;Post-IPO;United States;NULL;2026-05-19 13:31:54.6766667
669;Pleo;Copenhagen;Finance;150;0,15;2022-11-03;Series C;United States;428;2026-05-19 13:31:54.6766667
670;Delivery Hero;Berlin;Food;100;NULL;2022-11-03;Post-IPO;Germany;8300;2026-05-19 13:31:54.6766667
671;Shippo;SF Bay Area;Logistics;60;0,2;2022-11-03;Series E;United States;154;2026-05-19 13:31:54.6766667
672;Affirm;SF Bay Area;Finance;NULL;0,01;2022-11-03;Post-IPO;United States;1500;2026-05-19 13:31:54.6766667
673;LiveRamp;SF Bay Area;Marketing;NULL;0,1;2022-11-03;Post-IPO;United States;16;2026-05-19 13:31:54.6766667
674;Rubius;Boston;Healthcare;NULL;0,82;2022-11-03;Post-IPO;United States;445;2026-05-19 13:31:54.6766667
675;Snapdocs;SF Bay Area;Real Estate;NULL;0,15;2022-11-03;Series D;United States;253;2026-05-19 13:31:54.6766667
676;Opendoor;SF Bay Area;Real Estate;550;0,18;2022-11-02;Post-IPO;United States;1900;2026-05-19 13:31:54.6766667
677;Chime;SF Bay Area;Finance;156;0,12;2022-11-02;Series G;United States;2300;2026-05-19 13:31:54.6766667
678;Chargebee;SF Bay Area;Finance;142;0,1;2022-11-02;Series H;United States;468;2026-05-19 13:31:54.6766667
679;Dapper Labs;Vancouver;Crypto;134;0,22;2022-11-02;Series D;United States;607;2026-05-19 13:31:54.6766667
680;Checkmarx;Tel Aviv;Security;100;0,1;2022-11-02;Series C;Israel;92;2026-05-19 13:31:54.6766667
681;Smava;Berlin;Finance;100;0,15;2022-11-02;Unknown;Germany;188;2026-05-19 13:31:54.6766667
682;Iron Ox;SF Bay Area;Food;50;0,5;2022-11-02;Series C;United States;103;2026-05-19 13:31:54.6766667
683;Digital Currency Gruop;Stamford;Crypto;10;0,13;2022-11-02;Unknown;United States;NULL;2026-05-19 13:31:54.6766667
684;BitMEX;Non-U.S.;Crypto;NULL;0,3;2022-11-02;Seed;Seychelles;0;2026-05-19 13:31:54.6766667
685;Argo AI;SF Bay Area;Transportation;259;NULL;2022-11-01;Unknown;United States;3600;2026-05-19 13:31:54.6766667
686;Booking.com;Grand Rapids;Travel;226;NULL;2022-11-01;Acquired;United States;NULL;2026-05-19 13:31:54.6766667
687;Oracle;SF Bay Area;Other;200;NULL;2022-11-01;Post-IPO;United States;NULL;2026-05-19 13:31:54.6766667
688;Upstart;SF Bay Area;Finance;140;0,07;2022-11-01;Post-IPO;United States;144;2026-05-19 13:31:54.6766667
689;Gem;SF Bay Area;Recruiting;100;0,33;2022-11-01;Series C;United States;148;2026-05-19 13:31:54.6766667
690;Oda;Oslo;Food;70;0,18;2022-11-01;Unknown;Sweden;377;2026-05-19 13:31:54.6766667
691;Oda;Oslo;Food;70;0,18;2022-11-01;Unknown;Norway;477;2026-05-19 13:31:54.6766667
692;Oda;Oslo;Food;70;0,06;2022-11-01;Unknown;Norway;479;2026-05-19 13:31:54.6766667
693;Hootsuite;Vancouver;Marketing;50;0,05;2022-11-01;Series C;Canada;300;2026-05-19 13:31:54.6766667
694;Drop;Toronto;Marketing;24;NULL;2022-11-01;Series B;Canada;56;2026-05-19 13:31:54.6766667
695;Tapps Games;Sao Paulo;Consumer;10;NULL;2022-11-01;Unknown;Brazil;NULL;2026-05-19 13:31:54.6766667
696;Brightline;SF Bay Area;Healthcare;NULL;0,2;2022-11-01;Series C;United States;212;2026-05-19 13:31:54.6766667
697;Kry;Stockholm;Healthcare;300;0,1;2022-10-31;Series D;Sweden;568;2026-05-19 13:31:54.6766667
698;Notarize;Boston;Legal;60;NULL;2022-10-31;Series D;United States;213;2026-05-19 13:31:54.6766667
699;EquityZen;New York City;Finance;30;0,27;2022-10-31;Series B;United States;11;2026-05-19 13:31:54.6766667
700;Equitybee;SF Bay Area;Finance;25;0,2;2022-10-31;Series B;United States;85;2026-05-19 13:31:54.6766667
701;Dukaan;Bengaluru;Retail;23;NULL;2022-10-31;Series A;India;17;2026-05-19 13:31:54.6766667
702;Amazon;Seattle;Retail;150;NULL;2022-10-28;Post-IPO;United States;108;2026-05-19 13:31:54.6766667
703;Fifth Season;Pittsburgh;Food;100;1;2022-10-28;Series B;United States;35;2026-05-19 13:31:54.6766667
704;Advata;Seattle;Healthcare;32;0,21;2022-10-28;NULL;United States;NULL;2026-05-19 13:31:54.6766667
705;Springlane;D├╝sseldorf;Food;NULL;0,35;2022-10-28;Series C;Germany;11;2026-05-19 13:31:54.6766667
706;RenoRun;Montreal;Construction;210;0,43;2022-10-27;Series B;Canada;163;2026-05-19 13:31:54.6766667
707;Recharge;Los Angeles;Finance;84;0,17;2022-10-27;Series B;United States;277;2026-05-19 13:31:54.6766667
708;Lattice;SF Bay Area;HR;13;NULL;2022-10-27;Series F;United States;328;2026-05-19 13:31:54.6766667
709;GoNuts;Mumbai;Media;NULL;1;2022-10-27;Seed;India;NULL;2026-05-19 13:31:54.6766667
710;MindBody;San Luis Obispo;Fitness;400;0,15;2022-10-26;Post-IPO;United States;114;2026-05-19 13:31:54.6766667
711;Zillow;Seattle;Real Estate;300;0,05;2022-10-26;Post-IPO;United States;97;2026-05-19 13:31:54.6766667
712;Cybereason;Boston;Security;200;0,17;2022-10-26;Series F;United States;750;2026-05-19 13:31:54.6766667
713;Argo AI;Pittsburgh;Transportation;173;NULL;2022-10-26;Unknown;United States;3600;2026-05-19 13:31:54.6766667
714;GoFundMe;SF Bay Area;Finance;94;0,12;2022-10-26;Series A;United States;NULL;2026-05-19 13:31:54.6766667
715;Fundbox;SF Bay Area;Finance;150;0,42;2022-10-25;Series D;United States;553;2026-05-19 13:31:54.6766667
716;Embroker;SF Bay Area;Finance;30;0,12;2022-10-25;Series C;United States;142;2026-05-19 13:31:54.6766667
717;Vee;Tel Aviv;HR;17;0,5;2022-10-25;Seed;Israel;15;2026-05-19 13:31:54.6766667
718;Callisto Media;SF Bay Area;Media;NULL;0,35;2022-10-25;Series D;United States;NULL;2026-05-19 13:31:54.6766667
719;Philips;Amsterdam;Healthcare;4000;0,05;2022-10-24;Post-IPO;Netherlands;NULL;2026-05-19 13:31:54.6766667
720;Cerebral;SF Bay Area;Healthcare;400;0,2;2022-10-24;Series C;United States;462;2026-05-19 13:31:54.6766667
721;Snyk;Boston;Security;198;0,14;2022-10-24;Series F;United States;849;2026-05-19 13:31:54.6766667
722;McMakler;Berlin;Real Estate;100;NULL;2022-10-24;Unknown;Germany;214;2026-05-19 13:31:54.6766667
723;Unico;Sao Paulo;Other;50;0,04;2022-10-24;Series D;Brazil;336;2026-05-19 13:31:54.6766667
724;OrCam;Jerusalem;Healthcare;62;0,16;2022-10-23;Unknown;Israel;86;2026-05-19 13:31:54.6766667
725;Antidote Health;Tel Aviv;Healthcare;23;0,38;2022-10-23;Unknown;Israel;36;2026-05-19 13:31:54.6766667
726;Khoros;Austin;Sales;120;0,1;2022-10-21;Private Equity;United States;138;2026-05-19 13:31:54.6766667
727;F5;Seattle;Security;100;0,01;2022-10-21;Post-IPO;United States;NULL;2026-05-19 13:31:54.6766667
728;Elinvar;Berlin;Finance;43;0,33;2022-10-21;Unknown;Germany;30;2026-05-19 13:31:54.6766667
729;Synapsica;New Delhi;Healthcare;30;0,3;2022-10-21;Series A;India;4;2026-05-19 13:31:54.6766667
730;Volta;SF Bay Area;Transportation;NULL;0,54;2022-10-21;Post-IPO;United States;575;2026-05-19 13:31:54.6766667
731;Hotmart;Belo Horizonte;Marketing;227;0,12;2022-10-20;Series C;Brazil;127;2026-05-19 13:31:54.6766667
732;Zeus Living;SF Bay Area;Real Estate;64;0,46;2022-10-20;Series C;United States;151;2026-05-19 13:31:54.6766667
733;Loom;SF Bay Area;Product;23;0,11;2022-10-20;Series C;United States;203;2026-05-19 13:31:54.6766667
734;Sales Boomerang;Baltimore;Sales;20;NULL;2022-10-20;Private Equity;United States;5;2026-05-19 13:31:54.6766667
735;Roofstock;SF Bay Area;Real Estate;NULL;0,2;2022-10-20;Series E;United States;365;2026-05-19 13:31:54.6766667
736;Starry;Boston;Other;NULL;0,5;2022-10-20;Post-IPO;United States;260;2026-05-19 13:31:54.6766667
737;Gopuff;Philadelphia;Food;250;NULL;2022-10-19;Series H;United States;3400;2026-05-19 13:31:54.6766667
738;AtoB;SF Bay Area;Finance;32;0,3;2022-10-19;Series B;United States;177;2026-05-19 13:31:54.6766667
739;InfoSum;London;Security;20;0,12;2022-10-19;Series B;United Kingdom;88;2026-05-19 13:31:54.6766667
740;Faire;SF Bay Area;Retail;84;0,07;2022-10-18;Series G;United States;1700;2026-05-19 13:31:54.6766667
741;Leafly;Seattle;Retail;56;0,21;2022-10-18;Post-IPO;United States;71;2026-05-19 13:31:54.6766667
742;Ada Health;Berlin;Healthcare;50;NULL;2022-10-17;Series B;Germany;189;2026-05-19 13:31:54.6766667
743;Tiendanube;Buenos Aires;Marketing;50;0,05;2022-10-17;Unknown;Argentina;NULL;2026-05-19 13:31:54.6766667
744;Nuri;Berlin;Crypto;NULL;1;2022-10-17;Series B;Germany;42;2026-05-19 13:31:54.6766667
745;Flipboard;SF Bay Area;Media;24;0,21;2022-10-16;Unknown;United States;235;2026-05-19 13:31:54.6766667
746;Clear Capital;Reno;Real Estate;378;0,27;2022-10-14;Unknown;United States;NULL;2026-05-19 13:31:54.6766667
747;Beyond Meat;Los Angeles;Food;200;0,19;2022-10-14;Post-IPO;United States;122;2026-05-19 13:31:54.6766667
748;Flux Systems;London;Finance;NULL;1;2022-10-14;Unknown;United Kingdom;9;2026-05-19 13:31:54.6766667
749;Qin1;Noida;Education;NULL;1;2022-10-14;Seed;India;NULL;2026-05-19 13:31:54.6766667
750;Salesforce;SF Bay Area;Sales;90;NULL;2022-10-13;Post-IPO;United States;65;2026-05-19 13:31:54.6766667
751;Playdots;New York City;Consumer;65;1;2022-10-13;Acquired;United States;10;2026-05-19 13:31:54.6766667
752;Byju's;Bengaluru;Education;2500;0,05;2022-10-12;Private Equity;India;5500;2026-05-19 13:31:54.6766667
753;6sense;SF Bay Area;Sales;150;0,1;2022-10-12;Series E;United States;426;2026-05-19 13:31:54.6766667
754;Sinch;Stockholm;Other;150;NULL;2022-10-12;Post-IPO;Sweden;1500;2026-05-19 13:31:54.6766667
755;FrontRow;Bengaluru;Education;130;0,75;2022-10-12;Series A;India;17;2026-05-19 13:31:54.6766667
756;Noom;New York City;Healthcare;500;0,1;2022-10-11;Series F;United States;657;2026-05-19 13:31:54.6766667
757;MX;Lehi;Finance;200;NULL;2022-10-11;Series C;United States;450;2026-05-19 13:31:54.6766667
758;Brex;SF Bay Area;Finance;136;0,11;2022-10-11;Series D;United States;1500;2026-05-19 13:31:54.6766667
759;Pacaso;SF Bay Area;Real Estate;100;0,3;2022-10-11;Series C;United States;217;2026-05-19 13:31:54.6766667
760;Sketch;The Hague;Other;80;NULL;2022-10-11;Series A;Netherlands;20;2026-05-19 13:31:54.6766667
761;Udacity;SF Bay Area;Education;55;0,13;2022-10-11;Unknown;United States;235;2026-05-19 13:31:54.6766667
762;Linkfire;Copenhagen;Marketing;35;0,35;2022-10-11;Seed;Denmark;2;2026-05-19 13:31:54.6766667
763;HelloFresh;SF Bay Area;Food;611;NULL;2022-10-10;Post-IPO;United States;367;2026-05-19 13:31:54.6766667
764;Momentive;SF Bay Area;Marketing;180;0,11;2022-10-10;Post-IPO;United States;1100;2026-05-19 13:31:54.6766667
765;Pavilion Data;SF Bay Area;Infrastructure;96;0,96;2022-10-10;Series D;United States;103;2026-05-19 13:31:54.6766667
766;Redesign Health;New York City;Healthcare;67;0,2;2022-10-10;Series C;United States;315;2026-05-19 13:31:54.6766667
767;Nyriad;Austin;Infrastructure;NULL;0,33;2022-10-10;Unknown;United States;58;2026-05-19 13:31:54.6766667
768;BioMarin;SF Bay Area;Healthcare;120;0,04;2022-10-07;Post-IPO;United States;585;2026-05-19 13:31:54.6766667
769;Rev.com;Austin;Data;85;NULL;2022-10-07;Series D;United States;30;2026-05-19 13:31:54.6766667
770;Crypto.com;Singapore;Crypto;2000;0,3;2022-10-06;Unknown;Singapore;156;2026-05-19 13:31:54.6766667
771;Peloton;New York City;Fitness;500;0,12;2022-10-06;Post-IPO;United States;1900;2026-05-19 13:31:54.6766667
772;Landing;Birmingham;Real Estate;110;NULL;2022-10-06;Series C;United States;347;2026-05-19 13:31:54.6766667
773;Turnitin;SF Bay Area;Education;51;0,05;2022-10-06;Acquired;United States;NULL;2026-05-19 13:31:54.6766667
774;Impossible Foods;SF Bay Area;Food;50;0,06;2022-10-06;Series H;United States;1900;2026-05-19 13:31:54.6766667
775;Foresight Insurance;SF Bay Area;Finance;NULL;0,4;2022-10-06;Series B;United States;58;2026-05-19 13:31:54.6766667
776;Built In;Chicago;Recruiting;50;0,25;2022-10-05;Series C;United States;29;2026-05-19 13:31:54.6766667
777;TwinStrand;Seattle;Healthcare;NULL;0,5;2022-10-05;Series B;United States;73;2026-05-19 13:31:54.6766667
778;8x8;SF Bay Area;Support;200;0,09;2022-10-04;Post-IPO;United States;253;2026-05-19 13:31:54.6766667
779;Homie;Salt Lake City;Real Estate;40;0,13;2022-10-04;Series B;United States;35;2026-05-19 13:31:54.6766667
780;Fivetran;SF Bay Area;Data;NULL;0,05;2022-10-04;Series D;United States;NULL;2026-05-19 13:31:54.6766667
781;Xendit;Jakarta;Finance;NULL;0,05;2022-10-04;Series D;Indonesia;534;2026-05-19 13:31:54.6766667
782;Zoomo;Sydney;Transportation;NULL;0,16;2022-10-04;Series B;Australia;105;2026-05-19 13:31:54.6766667
783;ActiveCampaign;Chicago;Marketing;NULL;0,15;2022-10-03;Series C;United States;360;2026-05-19 13:31:54.6766667
784;WazirX;Mumbai;Crypto;60;0,4;2022-10-02;Acquired;India;NULL;2026-05-19 13:31:54.6766667
785;Spin;SF Bay Area;Transportation;78;0,1;2022-09-30;Acquired;United States;8;2026-05-19 13:31:54.6766667
786;Carsome;Kuala Lumpur;Transportation;NULL;0,1;2022-09-30;Series E;Malaysia;607;2026-05-19 13:31:54.6766667
787;Pastel;SF Bay Area;Food;NULL;1;2022-09-30;Unknown;United States;NULL;2026-05-19 13:31:54.6766667
788;Westwing;Munich;Retail;125;NULL;2022-09-29;Post-IPO;Germany;237;2026-05-19 13:31:54.6766667
789;Mux;SF Bay Area;Infrastructure;40;0,2;2022-09-29;Series D;United States;173;2026-05-19 13:31:54.6766667
790;Solarisbank;Berlin;Finance;NULL;0,1;2022-09-29;Unknown;Germany;385;2026-05-19 13:31:54.6766667
791;DocuSign;SF Bay Area;Sales;671;0,09;2022-09-28;Post-IPO;United States;536;2026-05-19 13:31:54.6766667
792;Volta;SF Bay Area;Transportation;NULL;0,1;2022-09-28;Post-IPO;United States;575;2026-05-19 13:31:54.6766667
793;Divvy Homes;SF Bay Area;Real Estate;40;0,12;2022-09-27;Series B;United States;180;2026-05-19 13:31:54.6766667
794;Konfio;Mexico City;Finance;180;NULL;2022-09-23;Series E;United States;706;2026-05-19 13:31:54.6766667
795;Moss;Berlin;Fin-Tech;70;0,15;2022-09-23;Series B;Germany;150;2026-05-19 13:31:54.6766667
796;Foxtrot;Chicago;Food;26;0,035;2022-09-23;Series C;United States;166;2026-05-19 13:31:54.6766667
797;Truiloo;Vancouver;Security;24;0,05;2022-09-23;Series D;Canada;474;2026-05-19 13:31:54.6766667
798;Pesto;SF Bay Area;Other;NULL;1;2022-09-23;Seed;United States;6;2026-05-19 13:31:54.6766667
799;NYDIG;New York City;Crypto;110;0,33;2022-09-22;Private Equity;United States;1400;2026-05-19 13:31:54.6766667
800;Klarna;Stockholm;Finance;100;NULL;2022-09-22;Unknown;Sweden;3700;2026-05-19 13:31:54.6766667
801;Made.com;London;Retail;NULL;0,35;2022-09-22;Series D;United Kingdom;136;2026-05-19 13:31:54.6766667
802;Kitty Hawk;SF Bay Area;Aerospace;100;1;2022-09-21;Unknown;United States;1;2026-05-19 13:31:54.6766667
803;Compass;New York City;Real Estate;271;NULL;2022-09-20;Post-IPO;United States;1600;2026-05-19 13:31:54.6766667
804;Curative;Los Angeles;Healthcare;109;NULL;2022-09-20;Seed;United States;8;2026-05-19 13:31:54.6766667
805;Ada;Toronto;Support;78;0,16;2022-09-20;Series C;Canada;190;2026-05-19 13:31:54.6766667
806;99;Sao Paulo;Transportation;75;0,02;2022-09-20;Acquired;Brazil;244;2026-05-19 13:31:54.6766667
807;Ouster;SF Bay Area;Transportation;NULL;0,1;2022-09-20;Post-IPO;United States;282;2026-05-19 13:31:54.6766667
808;Zappos;Las Vegas;Retail;NULL;0,04;2022-09-20;Acquired;United States;62;2026-05-19 13:31:54.6766667
809;Ola;Bengaluru;Transportation;200;NULL;2022-09-19;Series J;India;5000;2026-05-19 13:31:54.6766667
810;Vesalius Therapeutics;Boston;Healthcare;29;0,43;2022-09-19;Series B;United States;75;2026-05-19 13:31:54.6766667
811;VideoAmp;Los Angeles;Marketing;NULL;0,02;2022-09-19;Series F;United States;456;2026-05-19 13:31:54.6766667
812;Clear;Bengaluru;Finance;190;0,2;2022-09-16;Series C;India;140;2026-05-19 13:31:54.6766667
813;TrueLayer;London;Finance;40;0,1;2022-09-16;Series E;United States;271;2026-05-19 13:31:54.6766667
814;LivePerson;New York City;Support;193;0,11;2022-09-15;Post-IPO;United States;42;2026-05-19 13:31:54.6766667
815;Acast;Stockholm;Media;70;0,15;2022-09-15;Post-IPO;Sweden;126;2026-05-19 13:31:54.6766667
816;WorkRamp;SF Bay Area;HR;35;0,2;2022-09-15;Series C;United States;67;2026-05-19 13:31:54.6766667
817;NextRoll;SF Bay Area;Marketing;NULL;0,07;2022-09-15;Unknown;United States;108;2026-05-19 13:31:54.6766667
818;Twilio;SF Bay Area;Other;800;0,11;2022-09-14;Post-IPO;United States;614;2026-05-19 13:31:54.6766667
819;Pitch;Berlin;Marketing;59;0,3;2022-09-14;Series B;Germany;137;2026-05-19 13:31:54.6766667
820;Infarm;Berlin;Other;50;0,05;2022-09-14;Series D;Germany;604;2026-05-19 13:31:54.6766667
821;Netflix;SF Bay Area;Media;30;NULL;2022-09-14;Post-IPO;United States;121900;2026-05-19 13:31:54.6766667
822;Bitrise;Budapest;Infrastructure;NULL;0,14;2022-09-14;Series C;Hungary;83;2026-05-19 13:31:54.6766667
823;Rubius;Boston;Healthcare;160;0,75;2022-09-13;Post-IPO;United States;445;2026-05-19 13:31:54.6766667
824;Checkout.com;London;Finance;100;0,05;2022-09-13;Series D;United Kingdom;1800;2026-05-19 13:31:54.6766667
825;Taboola;New York City;Marketing;100;0,06;2022-09-13;Post-IPO;United States;445;2026-05-19 13:31:54.6766667
826;Patreon;SF Bay Area;Media;80;0,17;2022-09-13;Series F;United States;413;2026-05-19 13:31:54.6766667
827;FullStory;Atlanta;Marketing;NULL;0,12;2022-09-13;Unknown;United States;197;2026-05-19 13:31:54.6766667
828;Propzy;Ho Chi Minh City;Real Estate;NULL;1;2022-09-13;Series A;Vietnam;33;2026-05-19 13:31:54.6766667
829;Quicko;Sao Paulo;Transportation;60;NULL;2022-09-12;Acquired;Brazil;28;2026-05-19 13:31:54.6766667
830;Mode Analytics;SF Bay Area;Data;25;NULL;2022-09-12;Series D;United States;81;2026-05-19 13:31:54.6766667
831;Compete;Tel Aviv;HR;11;0,28;2022-09-12;Series A;Israel;17;2026-05-19 13:31:54.6766667
832;Karbon;SF Bay Area;Other;NULL;0,23;2022-09-12;Series B;United States;91;2026-05-19 13:31:54.6766667
833;Rent the Runway;New York City;Retail;NULL;0,24;2022-09-12;Post-IPO;United States;526;2026-05-19 13:31:54.6766667
834;SkipTheDishes;Winnipeg;Food;350;NULL;2022-09-09;Acquired;Canada;6;2026-05-19 13:31:54.6766667
835;Brighte;Sydney;Energy;58;NULL;2022-09-09;Series C;Australia;145;2026-05-19 13:31:54.6766667
836;Patreon;SF Bay Area;Media;5;NULL;2022-09-09;Series F;United States;413;2026-05-19 13:31:54.6766667
837;Amber Group;Hong Kong;Crypto;NULL;0,1;2022-09-09;Series B;Hong Kong;328;2026-05-19 13:31:54.6766667
838;CommonBond;New York City;Finance;NULL;1;2022-09-09;Series D;United States;125;2026-05-19 13:31:54.6766667
839;Flowhub;Denver;Retail;NULL;0,15;2022-09-09;Unknown;United States;45;2026-05-19 13:31:54.6766667
840;Lido Learning;Mumbai;Education;NULL;1;2022-09-09;Series C;India;20;2026-05-19 13:31:54.6766667
841;GoStudent;Vienna;Education;200;NULL;2022-09-08;Series D;Austria;686;2026-05-19 13:31:54.6766667
842;Pomelo Fashion;Bangkok;Retail;55;0,08;2022-09-08;Unknown;Thailand;120;2026-05-19 13:31:54.6766667
843;Genome Medical;SF Bay Area;Healthcare;23;NULL;2022-09-08;Series C;United States;120;2026-05-19 13:31:54.6766667
844;BigBear.ai;Baltimore;Data;NULL;0,07;2022-09-08;Post-IPO;United States;200;2026-05-19 13:31:54.6766667
845;Simple Feast;Copenhagen;Food;150;1;2022-09-07;Unknown;Denmark;173;2026-05-19 13:31:54.6766667
846;Foodpanda;Singapore;Food;60;NULL;2022-09-07;Acquired;Singapore;749;2026-05-19 13:31:54.6766667
847;Uber;Vilnius;Transportation;60;NULL;2022-09-07;Post-IPO;Lithuania;24700;2026-05-19 13:31:54.6766667
848;Rupeek;Bengaluru;Finance;50;NULL;2022-09-07;Unknown;India;172;2026-05-19 13:31:54.6766667
849;Intercom;SF Bay Area;Support;49;0,05;2022-09-07;Series D;United States;240;2026-05-19 13:31:54.6766667
850;Pendo;Raleigh;Product;45;0,05;2022-09-07;Series F;United States;469;2026-05-19 13:31:54.6766667
851;Demandbase;SF Bay Area;Sales;27;0,03;2022-09-07;Series H;United States;143;2026-05-19 13:31:54.6766667
852;Medly;New York City;Healthcare;NULL;0,5;2022-09-07;Series C;United States;100;2026-05-19 13:31:54.6766667
853;Brave Care;Portland;Healthcare;40;0,33;2022-09-06;Series B;United States;42;2026-05-19 13:31:54.6766667
854;Lawgeex;Tel Aviv;Legal;30;0,33;2022-09-06;Series C;Israel;41;2026-05-19 13:31:54.6766667
855;Juniper Square;SF Bay Area;Real Estate;NULL;0,14;2022-09-06;Series C;United States;108;2026-05-19 13:31:54.6766667
856;Medium;SF Bay Area;Media;NULL;0,25;2022-09-06;Unknown;United States;163;2026-05-19 13:31:54.6766667
857;Kuda;Lagos;Finance;23;0,05;2022-09-02;Series B;Nigeria;91;2026-05-19 13:31:54.6766667
858;2TM;Sao Paulo;Crypto;100;0,15;2022-09-01;Unknown;Brazil;250;2026-05-19 13:31:54.6766667
859;Innovaccer;SF Bay Area;Healthcare;90;0,08;2022-09-01;Series E;United States;379;2026-05-19 13:31:54.6766667
860;Shopify;Ottawa;Retail;70;NULL;2022-09-01;Post-IPO;Canada;122;2026-05-19 13:31:54.6766667
861;Urban Sports Club;Berlin;Fitness;55;0,15;2022-09-01;Unknown;Germany;95;2026-05-19 13:31:54.6766667
862;Hedvig;Stockholm;Finance;12;NULL;2022-09-01;Series B;Sweden;67;2026-05-19 13:31:54.6766667
863;Snap;Los Angeles;Consumer;1280;0,2;2022-08-31;Post-IPO;United States;4900;2026-05-19 13:31:54.6766667
864;GoodRx;Los Angeles;Healthcare;140;0,16;2022-08-31;Post-IPO;United States;910;2026-05-19 13:31:54.6766667
865;Smava;Berlin;Finance;100;0,1;2022-08-31;Unknown;Germany;188;2026-05-19 13:31:54.6766667
866;Hippo Insurance;SF Bay Area;Finance;70;0,1;2022-08-31;Post-IPO;United States;1300;2026-05-19 13:31:54.6766667
867;Clari;SF Bay Area;Sales;45;NULL;2022-08-31;Series F;United States;496;2026-05-19 13:31:54.6766667
868;Koo;Bengaluru;Consumer;40;NULL;2022-08-31;Series B;India;44;2026-05-19 13:31:54.6766667
869;TCR2;Boston;Healthcare;30;0,2;2022-08-31;Post-IPO;United States;173;2026-05-19 13:31:54.6766667
870;Apartment List;SF Bay Area;Real Estate;29;0,1;2022-08-31;Series D;United States;169;2026-05-19 13:31:54.6766667
871;Artnight;Berlin;Retail;26;0,36;2022-08-31;Unknown;Germany;NULL;2026-05-19 13:31:54.6766667
872;The Wing;New York City;Real Estate;NULL;1;2022-08-31;Series C;United States;117;2026-05-19 13:31:54.6766667
873;Electric;New York City;Other;81;NULL;2022-08-30;Series D;United States;212;2026-05-19 13:31:54.6766667
874;Immersive Labs;Bristol;Security;38;0,1;2022-08-30;Series C;United Kingdom;123;2026-05-19 13:31:54.6766667
875;Nate;New York City;Retail;30;NULL;2022-08-30;Series A;United States;47;2026-05-19 13:31:54.6766667
876;Meesho;Bengaluru;Retail;300;NULL;2022-08-29;Series F;India;1100;2026-05-19 13:31:54.6766667
877;54gene;Washington D.C.;Healthcare;95;0,3;2022-08-29;Series B;United States;44;2026-05-19 13:31:54.6766667
878;Zymergen;SF Bay Area;Other;80;NULL;2022-08-26;Acquired;United States;974;2026-05-19 13:31:54.6766667
879;Okta;SF Bay Area;Security;24;NULL;2022-08-26;Post-IPO;United States;1200;2026-05-19 13:31:54.6766667
880;Argyle;New York City;Finance;20;0,07;2022-08-26;Series B;United States;78;2026-05-19 13:31:54.6766667
881;FreshDirect;Philadelphia;Food;40;NULL;2022-08-25;Acquired;United States;280;2026-05-19 13:31:54.6766667
882;Loja Integrada;Sao Paulo;Retail;25;0,1;2022-08-25;Acquired;Brazil;NULL;2026-05-19 13:31:54.6766667
883;Impact.com;Los Angeles;Marketing;NULL;0,1;2022-08-25;Private Equity;United States;361;2026-05-19 13:31:54.6766667
884;ShipBob;Chicago;Logistics;NULL;0,07;2022-08-25;Series E;United States;330;2026-05-19 13:31:54.6766667
885;Reali;SF Bay Area;Real Estate;140;1;2022-08-24;Series B;United States;117;2026-05-19 13:31:54.6766667
886;Loop;Washington D.C.;Finance;15;0,2;2022-08-24;Series A;United States;24;2026-05-19 13:31:54.6766667
887;Tier Mobility;Berlin;Transportation;180;0,16;2022-08-23;Series D;Germany;646;2026-05-19 13:31:54.6766667
888;Packable;New York City;Retail;138;0,2;2022-08-23;Unknown;United States;472;2026-05-19 13:31:54.6766667
889;Q4;Toronto;Other;50;0,08;2022-08-23;Series C;Canada;91;2026-05-19 13:31:54.6766667
890;Skedulo;SF Bay Area;HR;31;0,08;2022-08-23;Series C;United States;114;2026-05-19 13:31:54.6766667
891;Plato;SF Bay Area;HR;29;0,5;2022-08-23;Seed;United States;3;2026-05-19 13:31:54.6766667
892;DataRobot;Boston;Data;NULL;0,26;2022-08-23;Series G;United States;1000;2026-05-19 13:31:54.6766667
893;Mr. Yum;Melbourne;Food;NULL;0,17;2022-08-22;Series A;United States;73;2026-05-19 13:31:54.6766667
894;ShopX;Bengaluru;Retail;NULL;1;2022-08-22;Unknown;India;56;2026-05-19 13:31:54.6766667
895;NSO;Tel Aviv;Security;100;0,14;2022-08-21;Seed;Israel;1;2026-05-19 13:31:54.6766667
896;Tufin;Boston;Security;55;0,1;2022-08-21;Acquired;United States;21;2026-05-19 13:31:54.6766667
897;Amperity;Seattle;Marketing;13;0,03;2022-08-20;Series D;United States;187;2026-05-19 13:31:54.6766667
898;Wayfair;Boston;Retail;870;0,05;2022-08-19;Post-IPO;United States;1700;2026-05-19 13:31:54.6766667
899;Stripe;SF Bay Area;Finance;50;NULL;2022-08-19;Series H;United States;2300;2026-05-19 13:31:54.6766667
900;Hodlnaut;Singapore;Crypto;40;0,8;2022-08-19;Unknown;Singapore;NULL;2026-05-19 13:31:54.6766667
901;New Relic;SF Bay Area;Infrastructure;110;0,05;2022-08-18;Post-IPO;United States;214;2026-05-19 13:31:54.6766667
902;Wheel;Austin;Healthcare;35;0,17;2022-08-18;Series C;United States;215;2026-05-19 13:31:54.6766667
903;Thirty Madison;New York City;Healthcare;NULL;0,1;2022-08-18;Series C;United States;209;2026-05-19 13:31:54.6766667
904;Vendasta;Saskatoon;Marketing;NULL;0,05;2022-08-18;Series D;Canada;178;2026-05-19 13:31:54.6766667
905;Malwarebytes;SF Bay Area;Security;125;0,14;2022-08-17;Series B;United States;80;2026-05-19 13:31:54.6766667
906;Fluke;Sao Paulo;Other;83;0,82;2022-08-17;Seed;Brazil;NULL;2026-05-19 13:31:54.6766667
907;Swyftx;Brisbane;Crypto;74;0,21;2022-08-17;Unknown;Australia;NULL;2026-05-19 13:31:54.6766667
908;Tempo Automation;SF Bay Area;Other;54;NULL;2022-08-17;Series C;United States;74;2026-05-19 13:31:54.6766667
909;Genesis;New York City;Crypto;52;0,2;2022-08-17;Series A;United States;NULL;2026-05-19 13:31:54.6766667
910;Warren;Porto Alegre;Finance;50;NULL;2022-08-17;Series C;Brazil;104;2026-05-19 13:31:54.6766667
911;AlayaCare;Montreal;Healthcare;80;0,14;2022-08-16;Series D;Canada;293;2026-05-19 13:31:54.6766667
912;Pliops;Tel Aviv;Data;12;0,09;2022-08-16;Series D;Israel;205;2026-05-19 13:31:54.6766667
913;Woven;Indianapolis;HR;5;0,15;2022-08-16;Series A;United States;11;2026-05-19 13:31:54.6766667
914;Edmodo;SF Bay Area;Education;NULL;1;2022-08-16;Acquired;United States;77;2026-05-19 13:31:54.6766667
915;Snapdocs;SF Bay Area;Real Estate;NULL;0,1;2022-08-16;Series D;United States;253;2026-05-19 13:31:54.6766667
916;Sema4;Stamford;Healthcare;250;0,13;2022-08-15;Post-IPO;United States;791;2026-05-19 13:31:54.6766667
917;Blend;SF Bay Area;Finance;220;0,12;2022-08-15;Post-IPO;United States;665;2026-05-19 13:31:54.6766667
918;ContraFect;New York City;Healthcare;16;0,37;2022-08-15;Post-IPO;United States;380;2026-05-19 13:31:54.6766667
919;ThredUp;Chicago;Retail;NULL;0,15;2022-08-15;Post-IPO;United States;305;2026-05-19 13:31:54.6766667
920;Anywell;Tel Aviv;Real Estate;11;NULL;2022-08-14;Series A;Israel;15;2026-05-19 13:31:54.6766667
921;Peloton;New York City;Fitness;784;0,13;2022-08-12;Post-IPO;United States;1900;2026-05-19 13:31:54.6766667
922;Core Scientific;Austin;Crypto;NULL;0,1;2022-08-12;Post-IPO;United States;169;2026-05-19 13:31:54.6766667
923;Truepill;SF Bay Area;Healthcare;175;0,33;2022-08-11;Series D;United States;255;2026-05-19 13:31:54.6766667
924;Calm;SF Bay Area;Healthcare;90;0,2;2022-08-11;Series C;United States;218;2026-05-19 13:31:54.6766667
925;FourKites;Chicago;Logistics;60;0,08;2022-08-11;Series D;United States;201;2026-05-19 13:31:54.6766667
926;Marketforce;Nairobi;Retail;54;0,09;2022-08-11;Series A;Kenya;42;2026-05-19 13:31:54.6766667
927;Betterfly;Santiago;Healthcare;30;NULL;2022-08-11;Series C;Chile;204;2026-05-19 13:31:54.6766667
928;Expert360;Sydney;Recruiting;7;NULL;2022-08-11;Series C;Australia;26;2026-05-19 13:31:54.6766667
929;Guidewire;SF Bay Area;Finance;NULL;0,02;2022-08-11;Post-IPO;United States;24;2026-05-19 13:31:54.6766667
930;Trybe;Sao Paulo;Education;47;0,1;2022-08-10;Series B;Brazil;40;2026-05-19 13:31:54.6766667
931;Permutive;London;Marketing;30;0,12;2022-08-10;Series C;United Kingdom;105;2026-05-19 13:31:54.6766667
932;Homeward;Austin;Real Estate;NULL;0,2;2022-08-10;Series B;United States;160;2026-05-19 13:31:54.6766667
933;Pollen;London;Marketing;NULL;1;2022-08-10;Series C;United Kingdom;238;2026-05-19 13:31:54.6766667
934;Vedanta Biosciences;Boston;Healthcare;NULL;0,2;2022-08-10;Series D;United States;301;2026-05-19 13:31:54.6766667
935;GoHealth;Chicago;Healthcare;800;0,2;2022-08-09;Post-IPO;United States;75;2026-05-19 13:31:54.6766667
936;Hootsuite;Vancouver;Marketing;400;0,3;2022-08-09;Series C;Canada;300;2026-05-19 13:31:54.6766667
937;Nutanix;SF Bay Area;Infrastructure;270;0,04;2022-08-09;Post-IPO;United States;1100;2026-05-19 13:31:54.6766667
938;Quanterix;Boston;Healthcare;130;0,25;2022-08-09;Post-IPO;United States;533;2026-05-19 13:31:54.6766667
939;Wix;Tel Aviv;Marketing;100;NULL;2022-08-09;Post-IPO;Israel;58;2026-05-19 13:31:54.6766667
940;MadeiraMadeira;Curitiba;Retail;60;0,03;2022-08-09;Series E;Brazil;338;2026-05-19 13:31:54.6766667
941;Melio;New York City;Finance;60;NULL;2022-08-09;Series D;United States;504;2026-05-19 13:31:54.6766667
942;Linktree;Melbourne;Consumer;50;0,17;2022-08-09;Unknown;Australia;165;2026-05-19 13:31:54.6766667
943;Shogun;SF Bay Area;Retail;48;0,3;2022-08-09;Series C;United States;114;2026-05-19 13:31:54.6766667
944;Absci;Vancouver;Healthcare;40;NULL;2022-08-09;Post-IPO;United States;237;2026-05-19 13:31:54.6766667
945;Dooly;Vancouver;Sales;12;NULL;2022-08-09;Series B;Canada;102;2026-05-19 13:31:54.6766667
946;Berkeley Lights;SF Bay Area;Healthcare;NULL;0,12;2022-08-09;Post-IPO;United States;272;2026-05-19 13:31:54.6766667
947;DailyPay;New York City;Finance;NULL;0,15;2022-08-09;Unknown;United States;814;2026-05-19 13:31:54.6766667
948;Haus;SF Bay Area;Food;NULL;1;2022-08-09;Seed;United States;7;2026-05-19 13:31:54.6766667
949;Kaltura;New York City;Media;NULL;0,1;2022-08-09;Post-IPO;United States;166;2026-05-19 13:31:54.6766667
950;Groupon;Chicago;Retail;500;0,15;2022-08-08;Post-IPO;United States;1400;2026-05-19 13:31:54.6766667
951;Loggi;Sao Paulo;Logistics;500;0,15;2022-08-08;Series F;Brazil;507;2026-05-19 13:31:54.6766667
952;Vroom;New York City;Transportation;337;NULL;2022-08-08;Post-IPO;United States;1300;2026-05-19 13:31:54.6766667
953;Warby Parker;New York City;Consumer;63;NULL;2022-08-08;Post-IPO;United States;535;2026-05-19 13:31:54.6766667
954;Labelbox;SF Bay Area;Data;36;NULL;2022-08-08;Series D;United States;188;2026-05-19 13:31:54.6766667
955;Perion;Tel Aviv;Marketing;20;0,05;2022-08-08;Post-IPO;Israel;76;2026-05-19 13:31:54.6766667
956;Daily Harvest;New York City;Food;NULL;0,15;2022-08-08;Series D;United States;120;2026-05-19 13:31:54.6766667
957;iRobot;Boston;Consumer;140;0,1;2022-08-05;Acquired;United States;30;2026-05-19 13:31:54.6766667
958;Mejuri;Toronto;Retail;50;0,1;2022-08-05;Series B;Canada;28;2026-05-19 13:31:54.6766667
959;Uberflip;Toronto;Marketing;31;0,17;2022-08-05;Series A;Canada;42;2026-05-19 13:31:54.6766667
960;Doma;SF Bay Area;Finance;250;0,13;2022-08-04;Post-IPO;United States;679;2026-05-19 13:31:54.6766667
961;Article;Vancouver;Retail;216;0,17;2022-08-04;Series B;Canada;NULL;2026-05-19 13:31:54.6766667
962;Jam City;Los Angeles;Consumer;200;0,17;2022-08-04;Unknown;United States;652;2026-05-19 13:31:54.6766667
963;10X Genomics;SF Bay Area;Healthcare;100;0,08;2022-08-04;Post-IPO;United States;242;2026-05-19 13:31:54.6766667
964;LEAD;Mumbai;Education;80;0,04;2022-08-04;Series E;India;166;2026-05-19 13:31:54.6766667
965;Zendesk;SF Bay Area;Support;80;NULL;2022-08-04;Acquired;United States;85;2026-05-19 13:31:54.6766667
966;On Deck;SF Bay Area;Education;73;0,33;2022-08-04;Series A;United States;20;2026-05-19 13:31:54.6766667
967;RenoRun;Montreal;Construction;70;0,12;2022-08-04;Series B;Canada;163;2026-05-19 13:31:54.6766667
968;RingCentral;SF Bay Area;Support;50;NULL;2022-08-04;Post-IPO;United States;44;2026-05-19 13:31:54.6766667
969;Medly;New York City;Healthcare;NULL;0,16;2022-08-04;Series C;United States;100;2026-05-19 13:31:54.6766667
970;Nomad;Sao Paulo;Finance;NULL;0,2;2022-08-04;Series B;Brazil;290;2026-05-19 13:31:54.6766667
971;Weedmaps;Los Angeles;Other;NULL;0,1;2022-08-04;Acquired;United States;NULL;2026-05-19 13:31:54.6766667
972;Zenius;Jakarta;Education;NULL;0,3;2022-08-04;Series B;Indonesia;20;2026-05-19 13:31:54.6766667
973;Healthcare.com;Miami;Healthcare;149;NULL;2022-08-03;Series C;United States;244;2026-05-19 13:31:54.6766667
974;Unbounce;Vancouver;Marketing;47;0,2;2022-08-03;Series A;Canada;39;2026-05-19 13:31:54.6766667
975;Beyond Meat;Los Angeles;Food;40;NULL;2022-08-03;Post-IPO;United States;122;2026-05-19 13:31:54.6766667
976;The Org;New Delhi;HR;13;NULL;2022-08-03;Series B;United States;39;2026-05-19 13:31:54.6766667
977;Puppet;Portland;Infrastructure;NULL;0,15;2022-08-03;Acquired;United States;189;2026-05-19 13:31:54.6766667
978;SoundCloud;Berlin;Consumer;NULL;0,2;2022-08-03;Unknown;Germany;542;2026-05-19 13:31:54.6766667
979;Talkwalker;Luxembourg;Marketing;NULL;0,15;2022-08-03;Private Equity;Luxembourg;9;2026-05-19 13:31:54.6766667
980;Robinhood;SF Bay Area;Finance;713;0,23;2022-08-02;Post-IPO;United States;5600;2026-05-19 13:31:54.6766667
981;Latch;New York City;Security;115;0,37;2022-08-02;Post-IPO;United States;342;2026-05-19 13:31:54.6766667
982;Vedantu;Bengaluru;Education;100;NULL;2022-08-02;Series E;India;292;2026-05-19 13:31:54.6766667
983;Seegrid;Pittsburgh;Logistics;90;NULL;2022-08-02;Unknown;United States;107;2026-05-19 13:31:54.6766667
984;Nylas;SF Bay Area;Product;80;0,25;2022-08-02;Series C;United States;175;2026-05-19 13:31:54.6766667
985;Outreach;Seattle;Sales;60;0,05;2022-08-02;Series G;United States;489;2026-05-19 13:31:54.6766667
986;Sendy;Nairobi;Logistics;54;0,2;2022-08-02;Series B;Kenya;26;2026-05-19 13:31:54.6766667
987;The Predictive Index;Boston;HR;40;NULL;2022-08-02;Acquired;United States;71;2026-05-19 13:31:54.6766667
988;Sendy;Nairobi;Logistics;30;0,1;2022-08-02;Series B;Kenya;26;2026-05-19 13:31:54.6766667
989;Stedi;Boulder;Product;23;0,3;2022-08-02;Series B;United States;75;2026-05-19 13:31:54.6766667
990;Glossier;New York City;Retail;19;0,08;2022-08-02;Series E;United States;266;2026-05-19 13:31:54.6766667
991;Butterfly Network;New Haven;Healthcare;NULL;0,1;2022-08-02;Post-IPO;United States;530;2026-05-19 13:31:54.6766667
992;Hash;Sao Paulo;Finance;58;0,5;2022-08-01;Series C;Brazil;58;2026-05-19 13:31:54.6766667
993;Perceptive Automata;Boston;Transportation;NULL;1;2022-08-01;Series A;United States;20;2026-05-19 13:31:54.6766667
994;Metigy;Sydney;Marketing;75;1;2022-07-31;Series B;Australia;18;2026-05-19 13:31:54.6766667
995;Vee;Tel Aviv;HR;16;0,32;2022-07-31;Seed;Israel;15;2026-05-19 13:31:54.6766667
996;Gatherly;Atlanta;Marketing;NULL;0,5;2022-07-31;NULL;United States;NULL;2026-05-19 13:31:54.6766667
997;Ola;Bengaluru;Transportation;1000;NULL;2022-07-29;Series J;India;5000;2026-05-19 13:31:54.6766667
998;Clearco;Toronto;Fin-Tech;125;0,25;2022-07-29;Series C;Canada;681;2026-05-19 13:31:54.6766667
999;Imperfect Foods;SF Bay Area;Food;50;NULL;2022-07-29;Series D;United States;229;2026-05-19 13:31:54.6766667
1000;Shelf Engine;Seattle;Food;43;NULL;2022-07-29;Series B;United States;58;2026-05-19 13:31:54.6766667
1001;Quantcast;SF Bay Area;Marketing;40;0,06;2022-07-29;Series C;United States;65;2026-05-19 13:31:54.6766667
1002;Sherpa;Toronto;Travel;22;NULL;2022-07-29;Unknown;Canada;11;2026-05-19 13:31:54.6766667
1003;Yabonza;Sydney;Real Estate;NULL;1;2022-07-29;Unknown;Australia;6;2026-05-19 13:31:54.6766667
1004;Ribbon;New York City;Real Estate;136;NULL;2022-07-28;Series C;United States;405;2026-05-19 13:31:54.6766667
1005;Career Karma;SF Bay Area;Education;60;0,33;2022-07-28;Series B;United States;51;2026-05-19 13:31:54.6766667
1006;Metromile;SF Bay Area;Finance;60;0,2;2022-07-28;Acquired;United States;510;2026-05-19 13:31:54.6766667
1007;Laybuy;Auckland;Finance;45;NULL;2022-07-28;Post-IPO;New Zealand;130;2026-05-19 13:31:54.6766667
1008;Allbirds;SF Bay Area;Retail;23;NULL;2022-07-28;Post-IPO;United States;202;2026-05-19 13:31:54.6766667
1009;TextNow;Waterloo;Consumer;22;NULL;2022-07-28;Seed;Canada;1;2026-05-19 13:31:54.6766667
1010;2U;Washington D.C.;Education;NULL;0,2;2022-07-28;Post-IPO;United States;426;2026-05-19 13:31:54.6766667
1011;Change.org;SF Bay Area;Other;NULL;0,19;2022-07-28;Series D;United States;72;2026-05-19 13:31:54.6766667
1012;Turntide;SF Bay Area;Energy;NULL;0,2;2022-07-28;Unknown;United States;491;2026-05-19 13:31:54.6766667
1013;Rivian;Detroit;Transportation;840;0,06;2022-07-27;Post-IPO;United States;10700;2026-05-19 13:31:54.6766667
1014;Vox Media;Washington D.C.;Media;39;0,02;2022-07-27;Series F;United States;307;2026-05-19 13:31:54.6766667
1015;Coinsquare;Toronto;Crypto;30;0,24;2022-07-27;Unknown;Canada;98;2026-05-19 13:31:54.6766667
1016;Skai;Tel Aviv;Marketing;30;0,04;2022-07-27;Series E;Israel;60;2026-05-19 13:31:54.6766667
1017;Shopify;Ottawa;Retail;1000;0,1;2022-07-26;Post-IPO;Canada;122;2026-05-19 13:31:54.6766667
1018;McMakler;Berlin;Real Estate;90;NULL;2022-07-26;Unknown;Germany;214;2026-05-19 13:31:54.6766667
1019;Fiverr;Tel Aviv;Other;60;0,08;2022-07-26;Post-IPO;Israel;111;2026-05-19 13:31:54.6766667
1020;InDebted;Sydney;Finance;40;0,17;2022-07-26;Series B;Australia;41;2026-05-19 13:31:54.6766667
1021;Outbrain;New York City;Marketing;38;0,03;2022-07-26;Post-IPO;United States;394;2026-05-19 13:31:54.6766667
1022;Dover;SF Bay Area;Recruiting;23;0,3;2022-07-26;Series A;United States;22;2026-05-19 13:31:54.6766667
1023;Immutable;Sydney;Crypto;20;0,06;2022-07-26;Series C;Australia;279;2026-05-19 13:31:54.6766667
1024;Zymergen;SF Bay Area;Other;80;NULL;2022-07-25;Acquired;United States;974;2026-05-19 13:31:54.6766667
1025;Pear Therapeutics;Boston;Healthcare;25;0,09;2022-07-25;Post-IPO;United States;409;2026-05-19 13:31:54.6766667
1026;Included Health;SF Bay Area;Healthcare;NULL;0,06;2022-07-25;Series E;United States;272;2026-05-19 13:31:54.6766667
1027;Soluto;Tel Aviv;Support;120;1;2022-07-24;Acquired;Israel;18;2026-05-19 13:31:54.6766667
1028;Eucalyptus;Sydney;Healthcare;50;0,2;2022-07-22;Series C;United States;69;2026-05-19 13:31:54.6766667
1029;Workstream;SF Bay Area;HR;45;NULL;2022-07-22;Series B;United States;58;2026-05-19 13:31:54.6766667
1030;Quanto;Sao Paulo;Finance;28;0,22;2022-07-22;Series A;Brazil;15;2026-05-19 13:31:54.6766667
1031;Clarify Health;SF Bay Area;Healthcare;15;0,05;2022-07-22;Series D;United States;328;2026-05-19 13:31:54.6766667
1032;Boosted Commerce;Los Angeles;Retail;NULL;0,05;2022-07-22;Series B;United States;137;2026-05-19 13:31:54.6766667
1033;Blockchain.com;London;Crypto;150;0,25;2022-07-21;Series D;United Kingdom;490;2026-05-19 13:31:54.6766667
1034;Callisto Media;SF Bay Area;Media;140;0,35;2022-07-21;Series D;United States;NULL;2026-05-19 13:31:54.6766667
1035;AppGate;Miami;Security;130;0,22;2022-07-21;Post-IPO;United States;NULL;2026-05-19 13:31:54.6766667
1036;WHOOP;Boston;Fitness;95;0,15;2022-07-21;Series F;United States;404;2026-05-19 13:31:54.6766667
1037;Rad Power Bikes;Seattle;Transportation;63;0,1;2022-07-21;Series D;United States;329;2026-05-19 13:31:54.6766667
1038;Lunchbox;New York City;Food;60;0,33;2022-07-21;Series B;United States;72;2026-05-19 13:31:54.6766667
1039;RealSelf;Seattle;Healthcare;11;0,05;2022-07-21;Series B;United States;42;2026-05-19 13:31:54.6766667
1040;98point6;Seattle;Healthcare;NULL;0,1;2022-07-21;Series E;United States;247;2026-05-19 13:31:54.6766667
1041;InVision;New York City;Product;NULL;0,5;2022-07-21;Series F;United States;356;2026-05-19 13:31:54.6766667
1042;Just Eat Takeaway;Amsterdam;Food;390;NULL;2022-07-20;Post-IPO;Netherlands;2800;2026-05-19 13:31:54.6766667
1043;Flyhomes;Seattle;Real Estate;200;0,2;2022-07-20;Series C;United States;310;2026-05-19 13:31:54.6766667
1044;Varo;SF Bay Area;Finance;75;NULL;2022-07-20;Series E;United States;992;2026-05-19 13:31:54.6766667
1045;BlueStacks;SF Bay Area;Other;60;NULL;2022-07-20;Series C;United States;48;2026-05-19 13:31:54.6766667
1046;Lyft;SF Bay Area;Transportation;60;0,02;2022-07-20;Post-IPO;United States;4900;2026-05-19 13:31:54.6766667
1047;Introhive;Ferdericton;Sales;57;0,16;2022-07-20;Series C;Canada;125;2026-05-19 13:31:54.6766667
1048;Zencity;Tel Aviv;Other;30;0,2;2022-07-20;Unknown;Israel;51;2026-05-19 13:31:54.6766667
1049;Splice;New York City;Media;23;NULL;2022-07-20;Series D;United States;159;2026-05-19 13:31:54.6766667
1050;Forma.ai;Toronto;Sales;15;0,09;2022-07-20;Series B;Canada;58;2026-05-19 13:31:54.6766667
1051;Arc;SF Bay Area;HR;13;NULL;2022-07-20;Seed;United States;1;2026-05-19 13:31:54.6766667
1052;Invitae;SF Bay Area;Healthcare;1000;NULL;2022-07-19;Post-IPO;United States;2000;2026-05-19 13:31:54.6766667
1053;Olive;Columbus;Healthcare;450;0,31;2022-07-19;Series H;United States;856;2026-05-19 13:31:54.6766667
1054;M1;Chicago;Finance;38;NULL;2022-07-19;Series E;United States;323;2026-05-19 13:31:54.6766667
1055;SellerX;Berlin;Retail;28;NULL;2022-07-19;Unknown;Germany;766;2026-05-19 13:31:54.6766667
1056;Stint;London;HR;28;0,2;2022-07-19;Unknown;United Kingdom;NULL;2026-05-19 13:31:54.6766667
1057;Capsule;New York City;Healthcare;NULL;0,13;2022-07-19;Series D;United States;570;2026-05-19 13:31:54.6766667
1058;PACT Pharma;SF Bay Area;Healthcare;94;NULL;2022-07-18;Series C;United States;200;2026-05-19 13:31:54.6766667
1059;Gemini;New York City;Crypto;68;0,07;2022-07-18;Unknown;United States;423;2026-05-19 13:31:54.6766667
1060;Lusha;New York City;Marketing;30;0,1;2022-07-18;Series B;United States;245;2026-05-19 13:31:54.6766667
1061;Freshly;New York City;Food;NULL;0,25;2022-07-18;Acquired;United States;107;2026-05-19 13:31:54.6766667
1062;Hydrow;Boston;Fitness;NULL;0,35;2022-07-18;Series D;United States;269;2026-05-19 13:31:54.6766667
1063;Vimeo;New York City;Consumer;NULL;0,06;2022-07-18;Post-IPO;United States;450;2026-05-19 13:31:54.6766667
1064;Bright Money;Bengaluru;Finance;100;0,5;2022-07-15;Series A;India;31;2026-05-19 13:31:54.6766667
1065;Project44;Chicago;Logistics;63;0,05;2022-07-15;Unknown;United States;817;2026-05-19 13:31:54.6766667
1066;Heroes;London;Retail;24;0,2;2022-07-15;Unknown;United States;265;2026-05-19 13:31:54.6766667
1067;Aspire;SF Bay Area;Marketing;23;NULL;2022-07-15;Series A;United States;27;2026-05-19 13:31:54.6766667
1068;StyleSeat;SF Bay Area;Consumer;NULL;0,17;2022-07-15;Series C;United States;40;2026-05-19 13:31:54.6766667
1069;Zego;London;Finance;85;0,17;2022-07-14;Series C;United Kingdom;202;2026-05-19 13:31:54.6766667
1070;The Mom Project;Chicago;HR;54;0,15;2022-07-14;Series C;United States;115;2026-05-19 13:31:54.6766667
1071;Unstoppable Domains;SF Bay Area;Crypto;42;0,25;2022-07-14;Series B;United States;7;2026-05-19 13:31:54.6766667
1072;Kiavi;SF Bay Area;Real Estate;39;0,07;2022-07-14;Series E;United States;240;2026-05-19 13:31:54.6766667
1073;OpenSea;New York City;Crypto;NULL;0,2;2022-07-14;Series C;United States;427;2026-05-19 13:31:54.6766667
1074;Wave;Dakar;Finance;300;0,15;2022-07-13;Series A;Senegal;292;2026-05-19 13:31:54.6766667
1075;Tonal;SF Bay Area;Fitness;262;0,35;2022-07-13;Series E;United States;450;2026-05-19 13:31:54.6766667
1076;Fabric;New York City;Logistics;120;0,4;2022-07-13;Series C;United States;336;2026-05-19 13:31:54.6766667
1077;Bryter;Berlin;Product;100;0,3;2022-07-13;Series B;Germany;89;2026-05-19 13:31:54.6766667
1078;ChowNow;Los Angeles;Food;100;0,2;2022-07-13;Series C;United States;64;2026-05-19 13:31:54.6766667
1079;Involves;Florian├│polis;Retail;70;0,18;2022-07-13;Unknown;Brazil;23;2026-05-19 13:31:54.6766667
1080;100 Thieves;Los Angeles;Consumer;12;NULL;2022-07-13;Series C;United States;120;2026-05-19 13:31:54.6766667
1081;Nuro;SF Bay Area;Transportation;7;NULL;2022-07-13;Series D;United States;2100;2026-05-19 13:31:54.6766667
1082;Arrival;London;Transportation;NULL;0,3;2022-07-13;Post-IPO;United Kingdom;629;2026-05-19 13:31:54.6766667
1083;Papa;Miami;Other;NULL;0,15;2022-07-13;Series D;United States;241;2026-05-19 13:31:54.6766667
1084;Gopuff;Philadelphia;Food;1500;0,1;2022-07-12;Series H;United States;3400;2026-05-19 13:31:54.6766667
1085;Fraazo;Mumbai;Food;150;NULL;2022-07-12;Series B;India;63;2026-05-19 13:31:54.6766667
1086;Babylon;London;Healthcare;100;NULL;2022-07-12;Post-IPO;United Kingdom;1100;2026-05-19 13:31:54.6766667
1087;Hubilo;SF Bay Area;Marketing;45;0,12;2022-07-12;Series B;United States;153;2026-05-19 13:31:54.6766667
1088;Airlift;Lahore;Logistics;NULL;1;2022-07-12;Series B;Pakistan;109;2026-05-19 13:31:54.6766667
1089;Hopin;London;Other;242;0,29;2022-07-11;Series D;United Kingdom;1000;2026-05-19 13:31:54.6766667
1090;Alice;Sao Paulo;Healthcare;63;NULL;2022-07-11;Series C;Brazil;174;2026-05-19 13:31:54.6766667
1091;SundaySky;New York City;Marketing;24;0,13;2022-07-11;Series D;United States;74;2026-05-19 13:31:54.6766667
1092;Forward;SF Bay Area;Healthcare;NULL;0,05;2022-07-11;Series D;United States;225;2026-05-19 13:31:54.6766667
1093;Ignite;SF Bay Area;Crypto;NULL;0,5;2022-07-11;Series A;United States;9;2026-05-19 13:31:54.6766667
1094;PuduTech;Shenzen;Other;1500;NULL;2022-07-08;Series C;China;184;2026-05-19 13:31:54.6766667
1095;Butler Hospitality;New York City;Food;1000;1;2022-07-08;Series B;United States;50;2026-05-19 13:31:54.6766667
1096;Calibrate;New York City;Healthcare;156;0,24;2022-07-08;Series B;United States;127;2026-05-19 13:31:54.6766667
1097;NextRoll;SF Bay Area;Marketing;NULL;0,03;2022-07-08;Unknown;United States;108;2026-05-19 13:31:54.6766667
1098;Argo AI;Pittsburgh;Transportation;150;0,05;2022-07-07;Unknown;United States;3600;2026-05-19 13:31:54.6766667
1099;Next Insurance;SF Bay Area;Finance;150;0,17;2022-07-07;Series E;United States;881;2026-05-19 13:31:54.6766667
1100;Adwerx;Durham;Marketing;40;NULL;2022-07-07;Unknown;United States;20;2026-05-19 13:31:54.6766667
1101;Emotive;Los Angeles;Marketing;30;0,18;2022-07-07;Series B;United States;78;2026-05-19 13:31:54.6766667
1102;Cedar;New York City;Healthcare;NULL;0,24;2022-07-07;Series D;United States;351;2026-05-19 13:31:54.6766667
1103;Remote;SF Bay Area;HR;100;0,09;2022-07-06;Series C;United States;496;2026-05-19 13:31:54.6766667
1104;Shopify;Ottawa;Retail;50;NULL;2022-07-06;Post-IPO;Canada;122;2026-05-19 13:31:54.6766667
1105;Anodot;Tel Aviv;Data;35;0,27;2022-07-06;Series C;United States;64;2026-05-19 13:31:54.6766667
1106;SQream;New York City;Data;30;0,18;2022-07-06;Series B;United States;77;2026-05-19 13:31:54.6766667
1107;Loft;Sao Paulo;Real Estate;384;0,12;2022-07-05;Unknown;Brazil;788;2026-05-19 13:31:54.6766667
1108;Bizzabo;New York City;Marketing;120;0,3;2022-07-05;Series E;United States;194;2026-05-19 13:31:54.6766667
1109;eToro;Tel Aviv;Finance;100;0,06;2022-07-05;Unknown;Israel;322;2026-05-19 13:31:54.6766667
1110;Verbit;New York City;Data;80;0,1;2022-07-05;Series E;United States;569;2026-05-19 13:31:54.6766667
1111;Outschool;SF Bay Area;Education;31;0,18;2022-07-05;Series D;United States;240;2026-05-19 13:31:54.6766667
1112;Bullish;Hong Kong;Crypto;30;0,08;2022-07-05;Unknown;Hong Kong;300;2026-05-19 13:31:54.6766667
1113;Transmit Security;Boston;Security;27;0,07;2022-07-05;Series A;United States;583;2026-05-19 13:31:54.6766667
1114;Thimble;New York City;Fin-Tech;20;0,33;2022-07-05;Series A;United States;28;2026-05-19 13:31:54.6766667
1115;Syte;Tel Aviv;Retail;13;0,08;2022-07-05;Series C;Israel;71;2026-05-19 13:31:54.6766667
1116;Lightricks;Jerusalem;Consumer;80;0,12;2022-07-04;Series D;Israel;335;2026-05-19 13:31:54.6766667
1117;Chessable;London;Consumer;29;NULL;2022-07-04;Acquired;United Kingdom;0;2026-05-19 13:31:54.6766667
1118;Sendle;Sydney;Logistics;27;0,12;2022-07-04;Series C;Australia;69;2026-05-19 13:31:54.6766667
1119;Lendis;Berlin;Other;18;0,15;2022-07-04;Series A;Germany;90;2026-05-19 13:31:54.6766667
1120;Gorillas;Berlin;Food;540;NULL;2022-07-03;Series C;Germany;1300;2026-05-19 13:31:54.6766667
1121;Celsius;New York City;Crypto;150;0,25;2022-07-03;Series B;United States;864;2026-05-19 13:31:54.6766667
1122;Zepto;Brisbane;Finance;NULL;0,1;2022-07-02;Series A;Australia;25;2026-05-19 13:31:54.6766667
1123;WanderJaunt;SF Bay Area;Travel;85;1;2022-07-01;Series B;United States;26;2026-05-19 13:31:54.6766667
1124;Canoo;Los Angeles;Transportation;58;0,06;2022-07-01;Post-IPO;United States;300;2026-05-19 13:31:54.6766667
1125;Bamboo Health;Louisville;Healthcare;52;NULL;2022-07-01;Unknown;United States;NULL;2026-05-19 13:31:54.6766667
1126;Teleport;SF Bay Area;Infrastructure;15;0,06;2022-07-01;Series C;United States;169;2026-05-19 13:31:54.6766667
1127;Enjoy;SF Bay Area;Retail;400;0,18;2022-06-30;Post-IPO;United States;310;2026-05-19 13:31:54.6766667
1128;Crejo.Fun;Bengaluru;Education;170;1;2022-06-30;Seed;India;3;2026-05-19 13:31:54.6766667
1129;Stash Financial;New York City;Finance;40;0,08;2022-06-30;Unknown;United States;480;2026-05-19 13:31:54.6766667
1130;Nate;New York City;Retail;30;0,2;2022-06-30;Series A;United States;47;2026-05-19 13:31:54.6766667
1131;Snyk;Boston;Security;30;NULL;2022-06-30;Series F;United States;849;2026-05-19 13:31:54.6766667
1132;Stream;Boulder;Product;20;0,12;2022-06-30;Series B;United States;58;2026-05-19 13:31:54.6766667
1133;Finleap Connect;Hamburg;Finance;14;0,1;2022-06-30;Series A;Germany;22;2026-05-19 13:31:54.6766667
1134;Abra;SF Bay Area;Crypto;12;0,05;2022-06-30;Series C;United States;106;2026-05-19 13:31:54.6766667
1135;Gavelytics;Los Angeles;Legal;NULL;1;2022-06-30;Seed;United States;5;2026-05-19 13:31:54.6766667
1136;Sundae;SF Bay Area;Real Estate;NULL;0,15;2022-06-30;Series C;United States;135;2026-05-19 13:31:54.6766667
1137;Toppr;Mumbai;Education;350;NULL;2022-06-29;Acquired;India;112;2026-05-19 13:31:54.6766667
1138;Unity;SF Bay Area;Other;200;0,04;2022-06-29;Post-IPO;United States;1300;2026-05-19 13:31:54.6766667
1139;Niantic;SF Bay Area;Consumer;85;0,08;2022-06-29;Series D;United States;770;2026-05-19 13:31:54.6766667
1140;AvantStay;Los Angeles;Travel;80;NULL;2022-06-29;Unknown;United States;811;2026-05-19 13:31:54.6766667
1141;Qumulo;Seattle;Data;80;0,19;2022-06-29;Series E;United States;347;2026-05-19 13:31:54.6766667
1142;Clutch;Toronto;Transportation;76;0,22;2022-06-29;Series B;Canada;153;2026-05-19 13:31:54.6766667
1143;Parallel Wireless;Nashua;Infrastructure;60;NULL;2022-06-29;Unknown;United States;8;2026-05-19 13:31:54.6766667
1144;Oye Rickshaw;New Delhi;Transportation;40;0,2;2022-06-29;Unknown;India;13;2026-05-19 13:31:54.6766667
1145;Rows;Berlin;Other;18;0,3;2022-06-29;Series B;Germany;25;2026-05-19 13:31:54.6766667
1146;Baton;SF Bay Area;Transportation;16;0,25;2022-06-29;Series A;United States;13;2026-05-19 13:31:54.6766667
1147;Substack;SF Bay Area;Media;13;0,14;2022-06-29;Series B;United States;82;2026-05-19 13:31:54.6766667
1148;Degreed;SF Bay Area;Education;NULL;0,15;2022-06-29;Series D;United States;411;2026-05-19 13:31:54.6766667
1149;HomeLight;SF Bay Area;Real Estate;NULL;0,19;2022-06-29;Series D;United States;743;2026-05-19 13:31:54.6766667
1150;Volt Bank;Sydney;Finance;NULL;1;2022-06-29;Series E;Australia;90;2026-05-19 13:31:54.6766667
1151;Huobi;Beijing;Crypto;300;0,3;2022-06-28;Unknown;China;2;2026-05-19 13:31:54.6766667
1152;WhiteHat Jr;Mumbai;Education;300;NULL;2022-06-28;Acquired;India;11;2026-05-19 13:31:54.6766667
1153;StockX;Detroit;Retail;120;0,08;2022-06-28;Series E;United States;690;2026-05-19 13:31:54.6766667
1154;Sidecar Health;Los Angeles;Healthcare;110;0,4;2022-06-28;Series C;United States;163;2026-05-19 13:31:54.6766667
1155;StockX;Detroit;Retail;80;NULL;2022-06-28;Series E;United States;690;2026-05-19 13:31:54.6766667
1156;Vezeeta;Dubai;Healthcare;50;0,1;2022-06-28;Series D;United Arab Emirates;71;2026-05-19 13:31:54.6766667
1157;Bright Machines;SF Bay Area;Data;30;0,08;2022-06-28;Unknown;Israel;250;2026-05-19 13:31:54.6766667
1158;HealthMatch;Sydney;Healthcare;18;0,5;2022-06-28;Series B;Australia;20;2026-05-19 13:31:54.6766667
1159;Nova Benefits;Bengaluru;Healthcare;NULL;0,3;2022-06-28;Series B;India;41;2026-05-19 13:31:54.6766667
1160;Una Brands;Singapore;Retail;NULL;0,1;2022-06-28;Series A;Singapore;55;2026-05-19 13:31:54.6766667
1161;AppLovin;SF Bay Area;Marketing;300;0,12;2022-06-27;Post-IPO;United States;1600;2026-05-19 13:31:54.6766667
1162;UiPath;New York City;Data;210;0,05;2022-06-27;Post-IPO;United States;2000;2026-05-19 13:31:54.6766667
1163;Udaan;Bengaluru;Retail;180;0,04;2022-06-27;Unknown;India;1500;2026-05-19 13:31:54.6766667
1164;Cue;San Diego;Healthcare;170;NULL;2022-06-27;Post-IPO;United States;999;2026-05-19 13:31:54.6766667
1165;Banxa;Melbourne;Crypto;70;0,3;2022-06-27;Post-IPO;Australia;13;2026-05-19 13:31:54.6766667
1166;SafeGraph;SF Bay Area;Data;27;0,25;2022-06-27;Series B;United States;61;2026-05-19 13:31:54.6766667
1167;Amount;Chicago;Finance;NULL;0,18;2022-06-27;Unknown;United States;283;2026-05-19 13:31:54.6766667
1168;Postscript;SF Bay Area;Marketing;43;NULL;2022-06-26;Series C;United States;106;2026-05-19 13:31:54.6766667
1169;Bitpanda;Vienna;Crypto;270;0,27;2022-06-24;Series C;Austria;546;2026-05-19 13:31:54.6766667
1170;Sunday;Atlanta;Finance;90;0,23;2022-06-24;Series A;United States;124;2026-05-19 13:31:54.6766667
1171;Bestow;Dallas;Finance;41;0,14;2022-06-24;Series C;United States;137;2026-05-19 13:31:54.6766667
1172;Ethos Life;SF Bay Area;Finance;40;0,12;2022-06-24;Series D;United States;406;2026-05-19 13:31:54.6766667
1173;Netflix;SF Bay Area;Media;300;0,03;2022-06-23;Post-IPO;United States;121900;2026-05-19 13:31:54.6766667
1174;Aura;Boston;Security;70;0,09;2022-06-23;Series F;United States;500;2026-05-19 13:31:54.6766667
1175;Pipl;Spokane;Security;22;0,13;2022-06-23;Unknown;United States;19;2026-05-19 13:31:54.6766667
1176;Vouch;SF Bay Area;Finance;15;0,07;2022-06-23;Series C;United States;159;2026-05-19 13:31:54.6766667
1177;Voyage SMS;Los Angeles;Marketing;8;0,13;2022-06-23;Unknown;United States;10;2026-05-19 13:31:54.6766667
1178;Esper;Seattle;Other;NULL;0,12;2022-06-23;Series A;United States;10;2026-05-19 13:31:54.6766667
1179;Kune;Nairobi;Food;NULL;1;2022-06-23;Seed;Kenya;1;2026-05-19 13:31:54.6766667
1180;Orchard;New York City;Real Estate;NULL;0,1;2022-06-23;Series D;United States;472;2026-05-19 13:31:54.6766667
1181;Ro;New York City;Healthcare;NULL;0,18;2022-06-23;Unknown;United States;1000;2026-05-19 13:31:54.6766667
1182;StreamElements;Tel Aviv;Media;NULL;0,2;2022-06-23;Series B;Israel;111;2026-05-19 13:31:54.6766667
1183;MasterClass;SF Bay Area;Education;120;0,2;2022-06-22;Series E;United States;461;2026-05-19 13:31:54.6766667
1184;IronNet;Washington D.C.;Security;90;0,35;2022-06-22;Post-IPO;United States;410;2026-05-19 13:31:54.6766667
1185;Bungalow;SF Bay Area;Real Estate;70;NULL;2022-06-22;Series C;United States;171;2026-05-19 13:31:54.6766667
1186;IronNet;Washington D.C.;Security;55;0,17;2022-06-22;Post-IPO;United States;410;2026-05-19 13:31:54.6766667
1187;Sprinklr;New York City;Support;50;NULL;2022-06-22;Post-IPO;United States;429;2026-05-19 13:31:54.6766667
1188;Superpedestrian;Boston;Transportation;35;0,07;2022-06-22;Series C;United States;261;2026-05-19 13:31:54.6766667
1189;Voi;Stockholm;Transportation;35;0,1;2022-06-22;Series D;United States;515;2026-05-19 13:31:54.6766667
1190;Balto;St. Louis;Sales;30;NULL;2022-06-22;Series B;United States;51;2026-05-19 13:31:54.6766667
1191;Ritual;Toronto;Food;23;0,16;2022-06-22;Series C;Canada;134;2026-05-19 13:31:54.6766667
1192;Voly;Sydney;Food;NULL;0,5;2022-06-22;Seed;Australia;13;2026-05-19 13:31:54.6766667
1193;Ebanx;Curitiba;Finance;340;0,2;2022-06-21;Series B;Brazil;460;2026-05-19 13:31:54.6766667
1194;TaskUs;Los Angeles;Support;52;0;2022-06-21;Post-IPO;United States;279;2026-05-19 13:31:54.6766667
1195;Community;Los Angeles;Marketing;40;0,3;2022-06-21;Unknown;United States;40;2026-05-19 13:31:54.6766667
1196;Sourcegraph;SF Bay Area;Product;24;0,08;2022-06-21;Series D;United States;248;2026-05-19 13:31:54.6766667
1197;Frubana;Bogota;Food;NULL;0,03;2022-06-21;Series C;Colombia;202;2026-05-19 13:31:54.6766667
1198;SuperLearn;Bengaluru;Education;NULL;1;2022-06-21;Seed;India;0;2026-05-19 13:31:54.6766667
1199;Tray.io;SF Bay Area;Data;NULL;0,1;2022-06-21;Series C;United States;109;2026-05-19 13:31:54.6766667
1200;Bybit;Singapore;Crypto;600;0,3;2022-06-20;Unknown;Singapore;NULL;2026-05-19 13:31:54.6766667
1201;SummerBio;SF Bay Area;Healthcare;101;1;2022-06-20;Unknown;United States;7;2026-05-19 13:31:54.6766667
1202;Trax;Singapore;Retail;100;0,12;2022-06-20;Series E;Singapore;1000;2026-05-19 13:31:54.6766667
1203;Aqgromalin;Chennai;Food;80;0,3;2022-06-20;Unknown;India;12;2026-05-19 13:31:54.6766667
1204;Bonsai;Toronto;Retail;30;0,55;2022-06-20;Series A;Canada;27;2026-05-19 13:31:54.6766667
1205;Brighte;Sydney;Energy;30;0,15;2022-06-20;Series C;Australia;145;2026-05-19 13:31:54.6766667
1206;Buzzer;New York City;Media;NULL;0,2;2022-06-20;Unknown;United States;32;2026-05-19 13:31:54.6766667
1207;CityMall;Gurugram;Retail;191;0,3;2022-06-19;Series C;India;112;2026-05-19 13:31:54.6766667
1208;BitOasis;Dubai;Crypto;9;0,05;2022-06-19;Series B;United Arab Emirates;30;2026-05-19 13:31:54.6766667
1209;Unacademy;Bengaluru;Education;150;0,03;2022-06-18;Series H;India;838;2026-05-19 13:31:54.6766667
1210;Bytedance;Shanghai;Consumer;150;NULL;2022-06-17;Unknown;China;9400;2026-05-19 13:31:54.6766667
1211;Socure;Reno;Finance;69;0,13;2022-06-17;Series E;United States;646;2026-05-19 13:31:54.6766667
1212;Finite State;Columbus;Security;16;0,2;2022-06-17;Series B;United States;49;2026-05-19 13:31:54.6766667
1213;JOKR;New York City;Food;50;0,05;2022-06-16;Series B;United States;430;2026-05-19 13:31:54.6766667
1214;Zumper;SF Bay Area;Real Estate;45;0,15;2022-06-16;Series D;United States;178;2026-05-19 13:31:54.6766667
1215;PharmEasy;Mumbai;Healthcare;40;NULL;2022-06-16;Unknown;India;1600;2026-05-19 13:31:54.6766667
1216;Circulo Health;Columbus;Healthcare;NULL;0,5;2022-06-16;Series A;United States;50;2026-05-19 13:31:54.6766667
1217;Swappie;Helsinki;Retail;250;0,17;2022-06-15;Series C;Finland;169;2026-05-19 13:31:54.6766667
1218;Wealthsimple;Toronto;Finance;159;0,13;2022-06-15;Unknown;Canada;900;2026-05-19 13:31:54.6766667
1219;Weee!;SF Bay Area;Food;150;0,1;2022-06-15;Series E;United States;863;2026-05-19 13:31:54.6766667
1220;Notarize;Boston;Legal;110;0,25;2022-06-15;Series D;United States;213;2026-05-19 13:31:54.6766667
1221;Elementor;Tel Aviv;Media;60;0,15;2022-06-15;Unknown;Israel;65;2026-05-19 13:31:54.6766667
1222;Tonkean;SF Bay Area;Other;23;0,23;2022-06-15;Series B;United States;83;2026-05-19 13:31:54.6766667
1223;Airtame;Copenhagen;Consumer;15;NULL;2022-06-15;Unknown;Denmark;7;2026-05-19 13:31:54.6766667
1224;OpenWeb;Tel Aviv;Media;14;0,05;2022-06-15;Series E;Israel;223;2026-05-19 13:31:54.6766667
1225;Swyft;Toronto;Logistics;10;0,3;2022-06-15;Series A;Canada;20;2026-05-19 13:31:54.6766667
1226;JetClosing;Seattle;Real Estate;NULL;1;2022-06-15;Series B;United States;44;2026-05-19 13:31:54.6766667
1227;Coinbase;SF Bay Area;Crypto;1100;0,18;2022-06-14;Post-IPO;United States;549;2026-05-19 13:31:54.6766667
1228;Redfin;Seattle;Real Estate;470;0,08;2022-06-14;Post-IPO;United States;319;2026-05-19 13:31:54.6766667
1229;Compass;New York City;Real Estate;450;0,1;2022-06-14;Post-IPO;United States;1600;2026-05-19 13:31:54.6766667
1230;Sami;Sao Paulo;Healthcare;75;0,15;2022-06-14;Unknown;Brazil;36;2026-05-19 13:31:54.6766667
1231;Breathe;New Delhi;Healthcare;50;0,33;2022-06-14;Series A;India;6;2026-05-19 13:31:54.6766667
1232;Hunty;Bogota;HR;30;NULL;2022-06-14;Seed;Colombia;6;2026-05-19 13:31:54.6766667
1233;TIFIN;Boulder;Crypto;24;0,1;2022-06-14;Series D;United States;204;2026-05-19 13:31:54.6766667
1234;BlockFi;New York City;Crypto;250;0,2;2022-06-13;Series E;United States;1000;2026-05-19 13:31:54.6766667
1235;Wave Sports and Entertainment;Los Angeles;Media;56;0,33;2022-06-13;Series B;United States;65;2026-05-19 13:31:54.6766667
1236;Studio;SF Bay Area;Education;33;0,4;2022-06-13;Series B;United States;50;2026-05-19 13:31:54.6766667
1237;Desktop Metal;Boston;Other;NULL;0,12;2022-06-13;Post-IPO;United States;811;2026-05-19 13:31:54.6766667
1238;Crypto.com;Singapore;Crypto;260;0,05;2022-06-10;Unknown;Singapore;156;2026-05-19 13:31:54.6766667
1239;FarEye;New Delhi;Logistics;250;0,3;2022-06-10;Series E;India;150;2026-05-19 13:31:54.6766667
1240;Berlin Brands Group;Berlin;Retail;100;0,1;2022-06-10;Unknown;Germany;1000;2026-05-19 13:31:54.6766667
1241;Sanar;Sao Paulo;Healthcare;60;0,2;2022-06-10;Unknown;Brazil;11;2026-05-19 13:31:54.6766667
1242;Freetrade;London;Finance;45;0,15;2022-06-10;Unknown;United Kingdom;133;2026-05-19 13:31:54.6766667
1243;Albert;Los Angeles;Finance;20;0,08;2022-06-10;Series C;United States;175;2026-05-19 13:31:54.6766667
1244;Ziroom;Beijing;Real Estate;NULL;0,2;2022-06-10;Unknown;China;2100;2026-05-19 13:31:54.6766667
1245;OneTrust;Atlanta;Security;950;0,25;2022-06-09;Series C;United States;926;2026-05-19 13:31:54.6766667
1246;Stitch Fix;SF Bay Area;Retail;330;0,15;2022-06-09;Post-IPO;United States;79;2026-05-19 13:31:54.6766667
1247;Daniel Wellington;Stockholm;Retail;200;0,15;2022-06-09;Unknown;Sweden;NULL;2026-05-19 13:31:54.6766667
1248;Convoy;Seattle;Logistics;90;0,07;2022-06-09;Series E;United States;1100;2026-05-19 13:31:54.6766667
1249;Hologram;Chicago;Infrastructure;80;0,4;2022-06-09;Series B;United States;82;2026-05-19 13:31:54.6766667
1250;Boozt;Malmo;Retail;70;0,05;2022-06-09;Post-IPO;Sweden;56;2026-05-19 13:31:54.6766667
1251;The Grommet;Boston;Retail;40;1;2022-06-09;Acquired;United States;5;2026-05-19 13:31:54.6766667
1252;Stashaway;Singapore;Finance;31;0,14;2022-06-09;Series D;Singapore;61;2026-05-19 13:31:54.6766667
1253;Preply;Boston;Education;26;0,05;2022-06-09;Series C;United States;100;2026-05-19 13:31:54.6766667
1254;Jellysmack;New York City;Media;NULL;0,08;2022-06-09;Series C;United States;22;2026-05-19 13:31:54.6766667
1255;Starship;SF Bay Area;Transportation;NULL;0,11;2022-06-09;Series B;United States;197;2026-05-19 13:31:54.6766667
1256;Sonder;SF Bay Area;Travel;250;0,21;2022-06-08;Post-IPO;United States;839;2026-05-19 13:31:54.6766667
1257;Kavak;Sao Paulo;Transportation;150;NULL;2022-06-08;Series E;Brazil;1600;2026-05-19 13:31:54.6766667
1258;Truepill;SF Bay Area;Healthcare;150;0,15;2022-06-08;Series D;United States;255;2026-05-19 13:31:54.6766667
1259;iPrice Group;Kuala Lumpur;Retail;50;0,2;2022-06-08;Unknown;Malaysia;26;2026-05-19 13:31:54.6766667
1260;Memmo;Stockholm;Consumer;NULL;0,4;2022-06-08;Unknown;Sweden;24;2026-05-19 13:31:54.6766667
1261;Cazoo;London;Transportation;750;0,15;2022-06-07;Post-IPO;United Kingdom;2000;2026-05-19 13:31:54.6766667
1262;Rupeek;Bengaluru;Finance;180;0,15;2022-06-07;Unknown;India;172;2026-05-19 13:31:54.6766667
1263;Lummo;Jakarta;Marketing;150;NULL;2022-06-07;Series C;Indonesia;149;2026-05-19 13:31:54.6766667
1264;Bird;Los Angeles;Transportation;138;0,23;2022-06-07;Post-IPO;United States;783;2026-05-19 13:31:54.6766667
1265;ID.me;Washington D.C.;Security;130;NULL;2022-06-07;Unknown;United States;275;2026-05-19 13:31:54.6766667
1266;KiwiCo;SF Bay Area;Retail;40;NULL;2022-06-07;Unknown;United States;11;2026-05-19 13:31:54.6766667
1267;Propzy;Ho Chi Minh City;Real Estate;NULL;0,5;2022-06-07;Series A;Vietnam;33;2026-05-19 13:31:54.6766667
1268;Clearco;Toronto;Finance;60;NULL;2022-06-06;Series C;Canada;681;2026-05-19 13:31:54.6766667
1269;Dutchie;Bend;Other;50;0,07;2022-06-06;Series D;United States;603;2026-05-19 13:31:54.6766667
1270;Deep Instinct;New York City;Security;NULL;0,1;2022-06-06;Series D;United States;259;2026-05-19 13:31:54.6766667
1271;Sendoso;SF Bay Area;Marketing;NULL;0,14;2022-06-06;Series C;United States;152;2026-05-19 13:31:54.6766667
1272;Eruditus;Mumbai;Education;40;NULL;2022-06-04;Series E;India;1200;2026-05-19 13:31:54.6766667
1273;Afterverse;Brasilia;Consumer;60;0,2;2022-06-03;Unknown;Brazil;NULL;2026-05-19 13:31:54.6766667
1274;Superhuman;SF Bay Area;Consumer;23;0,22;2022-06-03;Series C;United States;108;2026-05-19 13:31:54.6766667
1275;Food52;New York City;Food;21;0,15;2022-06-03;Acquired;United States;176;2026-05-19 13:31:54.6766667
1276;5B Solar;Sydney;Energy;NULL;0,25;2022-06-03;Series A;Australia;12;2026-05-19 13:31:54.6766667
1277;Tesla;Austin;Transportation;NULL;0,1;2022-06-03;Post-IPO;United States;20200;2026-05-19 13:31:54.6766667
1278;Carbon Health;SF Bay Area;Healthcare;250;0,08;2022-06-02;Series D;United States;522;2026-05-19 13:31:54.6766667
1279;Favo;Sao Paulo;Food;170;NULL;2022-06-02;Series A;Brazil;31;2026-05-19 13:31:54.6766667
1280;PolicyGenius;New York City;Finance;170;0,25;2022-06-02;Series E;United States;286;2026-05-19 13:31:54.6766667
1281;Yojak;Gurugram;Construction;140;0,5;2022-06-02;Seed;India;3;2026-05-19 13:31:54.6766667
1282;Envato;Melbourne;Marketing;100;NULL;2022-06-02;Unknown;Australia;NULL;2026-05-19 13:31:54.6766667
1283;Gemini;New York City;Crypto;100;0,1;2022-06-02;Unknown;United States;423;2026-05-19 13:31:54.6766667
1284;Stord;Atlanta;Logistics;59;0,08;2022-06-02;Series D;United States;325;2026-05-19 13:31:54.6766667
1285;Gather;SF Bay Area;Consumer;30;0,33;2022-06-02;Series B;United States;76;2026-05-19 13:31:54.6766667
1286;Shef;SF Bay Area;Food;29;NULL;2022-06-02;Series A;United States;28;2026-05-19 13:31:54.6766667
1287;IRL;SF Bay Area;Consumer;25;0,25;2022-06-02;Series C;United States;197;2026-05-19 13:31:54.6766667
1288;Kaodim;Selangor;Consumer;NULL;1;2022-06-02;Series B;United States;17;2026-05-19 13:31:54.6766667
1289;TomTom;Amsterdam;Transportation;500;0,1;2022-06-01;Post-IPO;Netherlands;NULL;2026-05-19 13:31:54.6766667
1290;Cybereason;Boston;Security;100;0,06;2022-06-01;Series F;United States;750;2026-05-19 13:31:54.6766667
1291;Udayy;Gurugram;Education;100;1;2022-06-01;Seed;India;2;2026-05-19 13:31:54.6766667
1292;2TM;Sao Paulo;Crypto;90;0,12;2022-06-01;Unknown;Brazil;250;2026-05-19 13:31:54.6766667
1293;Curve;London;Finance;65;0,1;2022-06-01;Series C;United Kingdom;182;2026-05-19 13:31:54.6766667
1294;Loom;SF Bay Area;Product;34;0,14;2022-06-01;Series C;United States;203;2026-05-19 13:31:54.6766667
1295;Skillshare;New York City;Education;31;NULL;2022-06-01;Unknown;United States;136;2026-05-19 13:31:54.6766667
1296;Impala;London;Travel;30;0,35;2022-06-01;Series B;United Kingdom;32;2026-05-19 13:31:54.6766667
1297;Eaze;SF Bay Area;Consumer;25;NULL;2022-06-01;Series D;United States;202;2026-05-19 13:31:54.6766667
1298;Side;SF Bay Area;Real Estate;NULL;0,1;2022-06-01;Unknown;United States;313;2026-05-19 13:31:54.6766667
1299;Truck It In;Karachi;Logistics;NULL;0,3;2022-06-01;Seed;Pakistan;17;2026-05-19 13:31:54.6766667
1300;Playtika;Tel Aviv;Consumer;250;0,06;2022-05-31;Post-IPO;Israel;NULL;2026-05-19 13:31:54.6766667
1301;Replicated;Los Angeles;Infrastructure;50;NULL;2022-05-31;Series C;United States;85;2026-05-19 13:31:54.6766667
1302;Tomo;Stamford;Finance;44;0,33;2022-05-31;Series A;United States;110;2026-05-19 13:31:54.6766667
1303;Getta;Tel Aviv;Transportation;30;NULL;2022-05-31;Series A;Israel;49;2026-05-19 13:31:54.6766667
1304;BookClub;Salt Lake City;Education;12;0,25;2022-05-31;Series A;United States;26;2026-05-19 13:31:54.6766667
1305;SWVL;Dubai;Transportation;400;0,32;2022-05-30;Post-IPO;United Arab Emirates;132;2026-05-19 13:31:54.6766667
1306;Mobile Premier League;Bengaluru;Consumer;100;0,1;2022-05-30;Series E;India;375;2026-05-19 13:31:54.6766667
1307;SumUp;Sao Paulo;Finance;100;0,03;2022-05-30;Unknown;Brazil;50;2026-05-19 13:31:54.6766667
1308;FrontRow;Bengaluru;Education;145;0,3;2022-05-27;Series A;India;17;2026-05-19 13:31:54.6766667
1309;Daloopa;New Delhi;Data;40;NULL;2022-05-27;Series A;India;23;2026-05-19 13:31:54.6766667
1310;Uncapped;London;Finance;29;0,26;2022-05-27;Unknown;United Kingdom;118;2026-05-19 13:31:54.6766667
1311;VTEX;Sao Paulo;Retail;200;0,13;2022-05-26;Post-IPO;Brazil;365;2026-05-19 13:31:54.6766667
1312;Bitso;Mexico City;Crypto;80;0,11;2022-05-26;Series C;Mexico;378;2026-05-19 13:31:54.6766667
1313;Foodpanda;Bucharest;Food;80;NULL;2022-05-26;Acquired;Romania;749;2026-05-19 13:31:54.6766667
1314;Dazn;London;Consumer;50;0,02;2022-05-26;Unknown;United Kingdom;NULL;2026-05-19 13:31:54.6766667
1315;Lacework;SF Bay Area;Security;300;0,2;2022-05-25;Series D;United States;1900;2026-05-19 13:31:54.6766667
1316;Bolt;SF Bay Area;Finance;240;0,27;2022-05-25;Series E;United States;1300;2026-05-19 13:31:54.6766667
1317;PeerStreet;Los Angeles;Finance;75;NULL;2022-05-25;Series C;United States;121;2026-05-19 13:31:54.6766667
1318;Kontist;Berlin;Finance;50;0,25;2022-05-25;Series B;Germany;53;2026-05-19 13:31:54.6766667
1319;Nuri;Berlin;Finance;45;0,2;2022-05-25;Series B;Germany;42;2026-05-19 13:31:54.6766667
1320;Coterie Insurance;Cincinnati;Finance;30;0,2;2022-05-25;Series B;United States;70;2026-05-19 13:31:54.6766667
1321;Airlift;Lahore;Logistics;NULL;0,31;2022-05-25;Series B;Pakistan;109;2026-05-19 13:31:54.6766667
1322;Getir;Istanbul;Food;NULL;0,14;2022-05-25;Series E;Turkey;1800;2026-05-19 13:31:54.6766667
1323;Zapp;London;Food;NULL;0,1;2022-05-25;NULL;United Kingdom;300;2026-05-19 13:31:54.6766667
1324;Gorillas;Berlin;Food;300;0,5;2022-05-24;Series C;Germany;1300;2026-05-19 13:31:54.6766667
1325;Zenius;Jakarta;Education;200;NULL;2022-05-24;Series B;Indonesia;20;2026-05-19 13:31:54.6766667
1326;The Zebra;Austin;Finance;40;NULL;2022-05-24;Series D;United States;256;2026-05-19 13:31:54.6766667
1327;Klarna;Stockholm;Finance;700;0,1;2022-05-23;Unknown;Sweden;3700;2026-05-19 13:31:54.6766667
1328;PayPal;SF Bay Area;Finance;83;NULL;2022-05-23;Post-IPO;United States;216;2026-05-19 13:31:54.6766667
1329;Buenbit;Buenos Aires;Crypto;80;0,45;2022-05-23;Series A;Argentina;11;2026-05-19 13:31:54.6766667
1330;BeyondMinds;Tel Aviv;Data;65;1;2022-05-23;Series A;Israel;16;2026-05-19 13:31:54.6766667
1331;ClickUp;San Diego;Other;60;0,07;2022-05-23;Series C;United States;537;2026-05-19 13:31:54.6766667
1332;Airtime;New York City;Consumer;30;0,2;2022-05-23;Series B;United States;33;2026-05-19 13:31:54.6766667
1333;MFine;Bengaluru;Healthcare;600;0,75;2022-05-21;Series C;India;97;2026-05-19 13:31:54.6766667
1334;Latch;New York City;Security;130;0,28;2022-05-20;Post-IPO;United States;342;2026-05-19 13:31:54.6766667
1335;Outside;Boulder;Media;87;0,15;2022-05-20;Series B;United States;174;2026-05-19 13:31:54.6766667
1336;Skillz;SF Bay Area;Consumer;70;0,1;2022-05-20;Post-IPO;United States;287;2026-05-19 13:31:54.6766667
1337;Cars24;Gurugram;Transportation;600;0,06;2022-05-19;Series G;India;1300;2026-05-19 13:31:54.6766667
1338;Vedantu;Bengaluru;Education;424;0,07;2022-05-18;Series E;India;292;2026-05-19 13:31:54.6766667
1339;Netflix;SF Bay Area;Media;150;0,01;2022-05-17;Post-IPO;United States;121900;2026-05-19 13:31:54.6766667
1340;Kry;Stockholm;Healthcare;100;0,1;2022-05-17;Series D;Sweden;568;2026-05-19 13:31:54.6766667
1341;Picsart;Miami;Consumer;90;0,08;2022-05-17;Series C;United States;195;2026-05-19 13:31:54.6766667
1342;Zak;Sao Paulo;Food;100;0,4;2022-05-16;Series A;United States;29;2026-05-19 13:31:54.6766667
1343;AliExpress Russia;Moscow;Retail;400;0,4;2022-05-14;Acquired;Russia;60;2026-05-19 13:31:54.6766667
1344;Thirty Madison;New York City;Healthcare;24;NULL;2022-05-14;Acquired;United States;209;2026-05-19 13:31:54.6766667
1345;CommonBond;New York City;Finance;22;NULL;2022-05-13;Series D;United States;130;2026-05-19 13:31:54.6766667
1346;Subspace;Los Angeles;Infrastructure;NULL;1;2022-05-13;Series B;United States;NULL;2026-05-19 13:31:54.6766667
1347;Zwift;Los Angeles;Fitness;150;NULL;2022-05-12;Series C;United States;619;2026-05-19 13:31:54.6766667
1348;Section4;New York City;Education;32;NULL;2022-05-12;Series A;United States;37;2026-05-19 13:31:54.6766667
1349;DataRobot;Boston;Data;70;0,07;2022-05-11;Series G;United States;1000;2026-05-19 13:31:54.6766667
1350;Carvana;Phoenix;Transportation;2500;0,12;2022-05-10;Post-IPO;United States;1600;2026-05-19 13:31:54.6766667
1351;Doma;SF Bay Area;Finance;310;0,15;2022-05-10;Post-IPO;United States;679;2026-05-19 13:31:54.6766667
1352;Pollen;London;Travel;200;0,33;2022-05-10;Series C;United Kingdom;238;2026-05-19 13:31:54.6766667
1353;Latch;New York City;Security;30;0,06;2022-05-10;Post-IPO;United States;342;2026-05-19 13:31:54.6766667
1354;Meero;Paris;Other;350;0,5;2022-05-09;Series C;France;293;2026-05-19 13:31:54.6766667
1355;Vroom;New York City;Transportation;270;0,14;2022-05-09;Post-IPO;United States;1300;2026-05-19 13:31:54.6766667
1356;Reef;Miami;Transportation;750;0,05;2022-05-06;Unknown;United States;1500;2026-05-19 13:31:54.6766667
1357;divvyDOSE;Davenport;Healthcare;62;NULL;2022-05-06;Acquired;United States;0;2026-05-19 13:31:54.6766667
1358;Vedantu;Bengaluru;Education;200;0,03;2022-05-05;Series E;India;292;2026-05-19 13:31:54.6766667
1359;Mural;SF Bay Area;Product;90;0,1;2022-05-05;Series C;United States;192;2026-05-19 13:31:54.6766667
1360;On Deck;SF Bay Area;Education;72;0,25;2022-05-05;Series A;United States;20;2026-05-19 13:31:54.6766667
1361;SEND;Sydney;Food;300;1;2022-05-04;Seed;Australia;3;2026-05-19 13:31:54.6766667
1362;Colossus;Boston;Energy;97;NULL;2022-05-04;Series A;United States;41;2026-05-19 13:31:54.6766667
1363;Cameo;Chicago;Consumer;87;0,25;2022-05-04;Unknown;United States;165;2026-05-19 13:31:54.6766667
1364;Mainstreet;SF Bay Area;Finance;45;0,3;2022-05-04;Series A;United States;64;2026-05-19 13:31:54.6766667
1365;Ideoclick;Seattle;Retail;40;NULL;2022-05-04;Series A;United States;7;2026-05-19 13:31:54.6766667
1366;Vise;New York City;Finance;25;NULL;2022-05-04;Series C;United States;128;2026-05-19 13:31:54.6766667
1367;Bizpay;Sydney;Finance;NULL;0,3;2022-05-04;Unknown;Australia;45;2026-05-19 13:31:54.6766667
1368;Avo;Tel Aviv;Food;500;0,67;2022-05-01;Series B;Israel;45;2026-05-19 13:31:54.6766667
1369;Noom;New York City;Healthcare;495;NULL;2022-04-29;Series F;United States;657;2026-05-19 13:31:54.6766667
1370;Domestika;SF Bay Area;Education;150;0,19;2022-04-28;Series D;United States;130;2026-05-19 13:31:54.6766667
1371;Netflix;SF Bay Area;Media;25;NULL;2022-04-28;Post-IPO;United States;121900;2026-05-19 13:31:54.6766667
1372;Wahoo Fitness;Atlanta;Fitness;50;NULL;2022-04-27;Unknown;United States;NULL;2026-05-19 13:31:54.6766667
1373;Robinhood;SF Bay Area;Finance;340;0,09;2022-04-26;Post-IPO;United States;5600;2026-05-19 13:31:54.6766667
1374;Bonsai;Toronto;Retail;29;0,34;2022-04-26;Series A;Canada;27;2026-05-19 13:31:54.6766667
1375;Sigfox;Toulouse;Other;64;NULL;2022-04-25;Acquired;France;277;2026-05-19 13:31:54.6766667
1376;Clyde;New York City;Marketing;22;NULL;2022-04-25;Series B;United States;58;2026-05-19 13:31:54.6766667
1377;Xiaohongshu;Shanghai;Consumer;180;0,09;2022-04-21;Series E;China;917;2026-05-19 13:31:54.6766667
1378;Facily;Sao Paulo;Retail;260;0,3;2022-04-20;Series D;Brazil;502;2026-05-19 13:31:54.6766667
1379;Lemonade;New York City;Finance;52;NULL;2022-04-20;Post-IPO;United States;481;2026-05-19 13:31:54.6766667
1380;Blend;SF Bay Area;Finance;200;0,1;2022-04-19;Post-IPO;United States;665;2026-05-19 13:31:54.6766667
1381;QuintoAndar;Sao Paulo;Real Estate;160;0,04;2022-04-19;Series E;Brazil;755;2026-05-19 13:31:54.6766667
1382;Loft;Sao Paulo;Real Estate;159;NULL;2022-04-19;Unknown;Brazil;788;2026-05-19 13:31:54.6766667
1383;Automox;Boulder;Infrastructure;NULL;0,11;2022-04-18;Series C;United States;152;2026-05-19 13:31:54.6766667
1384;Humble;SF Bay Area;Media;10;NULL;2022-04-15;Acquired;United States;4;2026-05-19 13:31:54.6766667
1385;Halcyon Health;New York City;Healthcare;NULL;1;2022-04-15;Unknown;United States;2;2026-05-19 13:31:54.6766667
1386;Ahead;SF Bay Area;Healthcare;44;1;2022-04-14;Unknown;United States;9;2026-05-19 13:31:54.6766667
1387;Rad Power Bikes;Seattle;Transportation;100;0,14;2022-04-12;Series D;United States;329;2026-05-19 13:31:54.6766667
1388;Meesho;Bengaluru;Retail;150;NULL;2022-04-11;Series F;India;1100;2026-05-19 13:31:54.6766667
1389;Food52;New York City;Food;20;0,1;2022-04-08;Acquired;United States;176;2026-05-19 13:31:54.6766667
1390;Unacademy;Bengaluru;Education;1000;0,17;2022-04-07;Series H;India;838;2026-05-19 13:31:54.6766667
1391;Goodfood;Calgary;Food;70;NULL;2022-04-07;Post-IPO;Canada;16;2026-05-19 13:31:54.6766667
1392;Workrise;Austin;Energy;450;NULL;2022-04-05;Series E;United States;752;2026-05-19 13:31:54.6766667
1393;Fast;SF Bay Area;Finance;NULL;1;2022-04-05;Series B;United States;124;2026-05-19 13:31:54.6766667
1394;BitMEX;Non-U.S.;Crypto;75;0,25;2022-04-04;Seed;Seychelles;0;2026-05-19 13:31:54.6766667
1395;Legible;Vancouver;Media;23;0,38;2022-04-04;Post-IPO;Canada;3;2026-05-19 13:31:54.6766667
1396;Lightico;Tel Aviv;Finance;20;NULL;2022-03-31;Series B;Israel;42;2026-05-19 13:31:54.6766667
1397;Sea;Bengaluru;Retail;350;NULL;2022-03-30;Post-IPO;India;8600;2026-05-19 13:31:54.6766667
1398;Rasa;Berlin;Data;59;0,4;2022-03-30;Series B;Germany;40;2026-05-19 13:31:54.6766667
1399;Gopuff;Philadelphia;Food;450;0,03;2022-03-29;Series H;United States;3400;2026-05-19 13:31:54.6766667
1400;Thinkific;Vancouver;Education;100;0,2;2022-03-29;Post-IPO;Canada;22;2026-05-19 13:31:54.6766667
1401;Furlenco;Bengaluru;Retail;180;NULL;2022-03-26;Series D;India;228;2026-05-19 13:31:54.6766667
1402;Grove Collaborative;SF Bay Area;Retail;NULL;0,17;2022-03-19;Series E;United States;474;2026-05-19 13:31:54.6766667
1403;Storytel;Stockholm;Media;100;0,1;2022-03-17;Post-IPO;Sweden;275;2026-05-19 13:31:54.6766667
1404;Curology;SF Bay Area;Healthcare;150;NULL;2022-03-16;Series D;United States;19;2026-05-19 13:31:54.6766667
1405;Trell;Bengaluru;Retail;300;0,5;2022-03-15;Series B;India;62;2026-05-19 13:31:54.6766667
1406;Knock;New York City;Real Estate;115;0,46;2022-03-15;Unknown;United States;654;2026-05-19 13:31:54.6766667
1407;Talis Biomedical;SF Bay Area;Healthcare;NULL;0,25;2022-03-15;Post-IPO;United States;8;2026-05-19 13:31:54.6766667
1408;Sezzle;Minneapolis;Finance;NULL;0,2;2022-03-10;Post-IPO;United States;301;2026-05-19 13:31:54.6766667
1409;Better.com;New York City;Real Estate;3000;0,33;2022-03-08;Unknown;United States;905;2026-05-19 13:31:54.6766667
1410;Adaptive Biotechnologies;Seattle;Healthcare;100;0,12;2022-03-08;Post-IPO;United States;406;2026-05-19 13:31:54.6766667
1411;Hyperscience;New York City;Data;100;0,25;2022-03-03;Series E;United States;289;2026-05-19 13:31:54.6766667
1412;WeDoctor;Non-U.S.;Healthcare;500;NULL;2022-03-02;Series F;China;1400;2026-05-19 13:31:54.6766667
1413;Wish;SF Bay Area;Retail;190;0,15;2022-03-01;Post-IPO;United States;1600;2026-05-19 13:31:54.6766667
1414;OKCredit;New Delhi;Finance;30;NULL;2022-02-24;Series B;India;85;2026-05-19 13:31:54.6766667
1415;Lido;Mumbai;Education;150;NULL;2022-02-21;Series A;India;24;2026-05-19 13:31:54.6766667
1416;Virgin Hyperloop;Los Angeles;Transportation;111;0,5;2022-02-21;Unknown;United States;368;2026-05-19 13:31:54.6766667
1417;Trustly;Stockholm;Finance;120;NULL;2022-02-17;Acquired;Sweden;28;2026-05-19 13:31:54.6766667
1418;Liv Up;Sao Paulo;Food;100;0,15;2022-02-16;Series D;Brazil;118;2026-05-19 13:31:54.6766667
1419;Homie;Salt Lake City;Real Estate;119;0,29;2022-02-14;Series B;United States;35;2026-05-19 13:31:54.6766667
1420;Hopin;London;Other;138;0,12;2022-02-10;Series D;United States;1000;2026-05-19 13:31:54.6766667
1421;Daily Harvest;New York City;Food;60;0,2;2022-02-10;Series D;United States;120;2026-05-19 13:31:54.6766667
1422;Peloton;New York City;Fitness;2800;0,2;2022-02-08;Post-IPO;United States;1900;2026-05-19 13:31:54.6766667
1423;Rhino;New York City;Real Estate;57;0,2;2022-02-03;Unknown;United States;133;2026-05-19 13:31:54.6766667
1424;Gopuff;Philadelphia;Food;100;NULL;2022-01-26;Series H;United States;3400;2026-05-19 13:31:54.6766667
1425;Glossier;New York City;Consumer;80;0,33;2022-01-26;Series E;United States;266;2026-05-19 13:31:54.6766667
1426;Root Insurance;Columbus;Finance;330;NULL;2022-01-20;Post-IPO;United States;527;2026-05-19 13:31:54.6766667
1427;Spin;SF Bay Area;Transportation;NULL;0,25;2022-01-08;Acquired;United States;8;2026-05-19 13:31:54.6766667
1428;Delivery Hero;Berlin;Food;300;NULL;2021-12-22;Post-IPO;Germany;8300;2026-05-19 13:31:54.6766667
1429;Better.com;New York City;Real Estate;900;0,09;2021-12-01;Unknown;United States;905;2026-05-19 13:31:54.6766667
1430;BitTitan;Seattle;Data;70;0,27;2021-11-18;Acquired;United States;46;2026-05-19 13:31:54.6766667
1431;Zillow;Seattle;Real Estate;2000;0,25;2021-11-02;Post-IPO;United States;97;2026-05-19 13:31:54.6766667
1432;InVision;New York City;Product;22;NULL;2021-10-05;Unknown;United States;356;2026-05-19 13:31:54.6766667
1433;Ozy Media;SF Bay Area;Media;NULL;1;2021-10-01;Series C;United States;70;2026-05-19 13:31:54.6766667
1434;Zymergen;SF Bay Area;Other;120;NULL;2021-09-23;Post-IPO;United States;974;2026-05-19 13:31:54.6766667
1435;Treehouse;Portland;Education;41;0,9;2021-09-14;Series B;United States;12;2026-05-19 13:31:54.6766667
1436;Tanium;Seattle;Security;30;NULL;2021-08-30;Unknown;United States;1000;2026-05-19 13:31:54.6766667
1437;Flockjay;SF Bay Area;Education;37;0,5;2021-08-24;Series A;United States;14;2026-05-19 13:31:54.6766667
1438;Bytedance;Shanghai;Consumer;1800;NULL;2021-08-05;Unknown;China;9400;2026-05-19 13:31:54.6766667
1439;Pagarbook;Bengaluru;HR;80;NULL;2021-07-26;Series A;India;17;2026-05-19 13:31:54.6766667
1440;Katerra;SF Bay Area;Construction;2434;1;2021-06-01;Unknown;United States;1600;2026-05-19 13:31:54.6766667
1441;Lambda School;SF Bay Area;Education;65;NULL;2021-04-29;Series C;United States;122;2026-05-19 13:31:54.6766667
1442;Madefire;SF Bay Area;Media;NULL;1;2021-04-29;Series B;United States;16;2026-05-19 13:31:54.6766667
1443;Patreon;SF Bay Area;Media;36;NULL;2021-04-26;Series D;United States;165;2026-05-19 13:31:54.6766667
1444;New Relic;SF Bay Area;Infrastructure;160;0,07;2021-04-06;Post-IPO;United States;214;2026-05-19 13:31:54.6766667
1445;HuffPo;New York City;Media;47;NULL;2021-03-09;Acquired;United States;37;2026-05-19 13:31:54.6766667
1446;Ninjacart;Bengaluru;Food;200;NULL;2021-02-23;Unknown;India;194;2026-05-19 13:31:54.6766667
1447;Bounce;Bengaluru;Transportation;200;0,4;2021-02-22;Series D;India;214;2026-05-19 13:31:54.6766667
1448;ThredUp;Chicago;Retail;243;NULL;2021-02-09;Series F;United States;305;2026-05-19 13:31:54.6766667
1449;Indigo;Boston;Other;80;NULL;2021-02-09;Series F;United States;1200;2026-05-19 13:31:54.6766667
1450;Limelight;New York City;Recruiting;13;1;2021-02-04;Unknown;United States;NULL;2026-05-19 13:31:54.6766667
1451;Quandoo;Berlin;Food;87;0,2;2021-02-03;Acquired;Germany;39;2026-05-19 13:31:54.6766667
1452;Hubba;Toronto;Retail;45;1;2021-02-01;Series B;Canada;61;2026-05-19 13:31:54.6766667
1453;Bytedance;Mumbai;Consumer;1800;NULL;2021-01-27;Unknown;India;7400;2026-05-19 13:31:54.6766667
1454;Privitar;London;Data;20;NULL;2021-01-27;Series C;United Kingdom;150;2026-05-19 13:31:54.6766667
1455;Shutterfly;SF Bay Area;Retail;800;NULL;2021-01-25;Acquired;United States;50;2026-05-19 13:31:54.6766667
1456;Postmates;SF Bay Area;Food;180;0,15;2021-01-23;Acquired;United States;763;2026-05-19 13:31:54.6766667
1457;Instacart;SF Bay Area;Food;1877;NULL;2021-01-21;Unknown;United States;2400;2026-05-19 13:31:54.6766667
1458;Pocketmath;Singapore;Marketing;21;1;2021-01-20;Unknown;Singapore;20;2026-05-19 13:31:54.6766667
1459;Dropbox;SF Bay Area;Other;315;0,15;2021-01-13;Post-IPO;United States;1700;2026-05-19 13:31:54.6766667
1460;Aura Financial;SF Bay Area;Finance;NULL;1;2021-01-11;Unknown;United States;584;2026-05-19 13:31:54.6766667
1461;Simple;Portland;Finance;NULL;1;2021-01-07;Acquired;United States;15;2026-05-19 13:31:54.6766667
1462;WhiteHat Jr;Mumbai;Education;1800;NULL;2021-01-06;Acquired;India;11;2026-05-19 13:31:54.6766667
1463;Pulse Secure;SF Bay Area;Security;78;NULL;2020-12-23;Acquired;United States;NULL;2026-05-19 13:31:54.6766667
1464;Breather;Montreal;Real Estate;120;0,8;2020-12-16;Series D;Canada;131;2026-05-19 13:31:54.6766667
1465;Actifio;Boston;Data;54;NULL;2020-12-16;Acquired;United States;352;2026-05-19 13:31:54.6766667
1466;OYO;Gurugram;Travel;600;NULL;2020-12-08;Series F;India;3200;2026-05-19 13:31:54.6766667
1467;Aya;Toronto;Finance;5;0,25;2020-11-19;Seed;United States;3;2026-05-19 13:31:54.6766667
1468;Domio;New York City;Real Estate;NULL;0,5;2020-11-18;Series B;United States;116;2026-05-19 13:31:54.6766667
1469;Bridge Connector;Nashville;Healthcare;154;1;2020-11-17;Series B;United States;45;2026-05-19 13:31:54.6766667
1470;Tidepool;SF Bay Area;Healthcare;18;0,4;2020-11-17;Unknown;United States;NULL;2026-05-19 13:31:54.6766667
1471;Worksmith;Austin;Retail;30;0,5;2020-11-09;Unknown;United States;3;2026-05-19 13:31:54.6766667
1472;Rubica;Seattle;Security;NULL;1;2020-11-05;Series A;United States;14;2026-05-19 13:31:54.6766667
1473;Bossa Nova;SF Bay Area;Retail;NULL;0,5;2020-11-02;Unknown;United States;101;2026-05-19 13:31:54.6766667
1474;LivePerson;New York City;Support;30;NULL;2020-11-01;Post-IPO;United States;42;2026-05-19 13:31:54.6766667
1475;Remedy;Austin;Healthcare;82;NULL;2020-10-29;Series A;United States;12;2026-05-19 13:31:54.6766667
1476;Knotel;New York City;Real Estate;20;0,08;2020-10-29;Series C;United States;560;2026-05-19 13:31:54.6766667
1477;CodeCombat;SF Bay Area;Education;8;NULL;2020-10-23;Series A;United States;8;2026-05-19 13:31:54.6766667
1478;Quibi;Los Angeles;Media;NULL;1;2020-10-21;Private Equity;United States;1800;2026-05-19 13:31:54.6766667
1479;GetYourGuide;Berlin;Travel;90;0,17;2020-10-14;Series E;Germany;656;2026-05-19 13:31:54.6766667
1480;OLX India;New Delhi;Marketing;250;NULL;2020-10-10;Acquired;India;28;2026-05-19 13:31:54.6766667
1481;Alto Pharmacy;SF Bay Area;Healthcare;47;0,06;2020-09-29;Series D;United States;356;2026-05-19 13:31:54.6766667
1482;Air;New York City;Marketing;NULL;0,16;2020-09-16;Series A;United States;18;2026-05-19 13:31:54.6766667
1483;NS8;Las Vegas;Data;240;0,95;2020-09-11;Series A;United States;157;2026-05-19 13:31:54.6766667
1484;Bleacher Report;London;Media;20;NULL;2020-09-11;Acquired;United Kingdom;40;2026-05-19 13:31:54.6766667
1485;HubHaus;SF Bay Area;Real Estate;NULL;1;2020-09-11;Series A;United States;13;2026-05-19 13:31:54.6766667
1486;Waze;SF Bay Area;Transportation;30;0,054;2020-09-09;Acquired;United States;67;2026-05-19 13:31:54.6766667
1487;Ouster;SF Bay Area;Transportation;NULL;0,1;2020-09-08;Series B;United States;132;2026-05-19 13:31:54.6766667
1488;Awok;Dubai;Retail;NULL;1;2020-09-02;Series A;United Arab Emirates;30;2026-05-19 13:31:54.6766667
1489;Big Fish Games;Seattle;Media;250;NULL;2020-09-01;Acquired;United States;95;2026-05-19 13:31:54.6766667
1490;GoBear;Singapore;Finance;22;0,11;2020-09-01;Unknown;Singapore;97;2026-05-19 13:31:54.6766667
1491;MakeMyTrip;New Delhi;Travel;350;0,1;2020-08-31;Post-IPO;India;548;2026-05-19 13:31:54.6766667
1492;Salesforce;SF Bay Area;Sales;1000;0,0185;2020-08-26;Post-IPO;United States;65;2026-05-19 13:31:54.6766667
1493;Superloop;Brisbane;Infrastructure;30;NULL;2020-08-24;Post-IPO;Australia;36;2026-05-19 13:31:54.6766667
1494;Docly;London;Healthcare;8;0,8;2020-08-19;Seed;United Kingdom;15;2026-05-19 13:31:54.6766667
1495;Lumina Networks;SF Bay Area;Infrastructure;NULL;1;2020-08-18;Series A;United States;10;2026-05-19 13:31:54.6766667
1496;Shopify;Ottawa;Retail;30;NULL;2020-08-14;Post-IPO;Canada;122;2026-05-19 13:31:54.6766667
1497;Mozilla;SF Bay Area;Consumer;250;0,25;2020-08-11;Unknown;United States;2;2026-05-19 13:31:54.6766667
1498;Eatsy;Singapore;Food;20;1;2020-08-08;Seed;Singapore;0;2026-05-19 13:31:54.6766667
1499;Glossier;New York City;Retail;150;0,38;2020-08-07;Series D;United States;186;2026-05-19 13:31:54.6766667
1500;Thriver;Toronto;Food;75;0,5;2020-08-06;Series B;Canada;53;2026-05-19 13:31:54.6766667
1501;Vesta;Atlanta;Sales;56;NULL;2020-08-05;Unknown;United States;20;2026-05-19 13:31:54.6766667
1502;Booking.com;Amsterdam;Travel;4375;0,25;2020-07-30;Acquired;Netherlands;NULL;2026-05-19 13:31:54.6766667
1503;Buy.com / Rakuten;SF Bay Area;Retail;87;1;2020-07-30;Acquired;United States;42;2026-05-19 13:31:54.6766667
1504;Procore;Los Angeles;Construction;180;0,09;2020-07-28;Unknown;United States;649;2026-05-19 13:31:54.6766667
1505;Swiggy;Bengaluru;Food;350;0,05;2020-07-27;Series I;India;1600;2026-05-19 13:31:54.6766667
1506;Zeitgold;Berlin;Finance;75;0,72;2020-07-27;Series B;Germany;60;2026-05-19 13:31:54.6766667
1507;Checkr;SF Bay Area;HR;64;0,12;2020-07-23;Series D;United States;309;2026-05-19 13:31:54.6766667
1508;Sorabel;Jakarta;Retail;NULL;1;2020-07-23;Series B;Indonesia;27;2026-05-19 13:31:54.6766667
1509;LinkedIn;SF Bay Area;Recruiting;960;0,06;2020-07-21;Acquired;United States;154;2026-05-19 13:31:54.6766667
1510;Lighter Capital;Seattle;Finance;22;0,49;2020-07-20;Series B;United States;15;2026-05-19 13:31:54.6766667
1511;Curefit;Bengaluru;Fitness;120;NULL;2020-07-17;Series D;India;404;2026-05-19 13:31:54.6766667
1512;Optimizely;SF Bay Area;Marketing;60;0,15;2020-07-15;Series D;United States;251;2026-05-19 13:31:54.6766667
1513;Skyscanner;Edinburgh;Travel;300;0,2;2020-07-14;Acquired;United Kingdom;197;2026-05-19 13:31:54.6766667
1514;Yelp;SF Bay Area;Consumer;63;NULL;2020-07-13;Post-IPO;United States;56;2026-05-19 13:31:54.6766667
1515;Bizongo;Mumbai;Logistics;140;NULL;2020-07-10;Series C;India;70;2026-05-19 13:31:54.6766667
1516;Zilingo;Singapore;Retail;100;0,12;2020-07-09;Series D;Singapore;307;2026-05-19 13:31:54.6766667
1517;PaySense;Mumbai;Finance;40;NULL;2020-07-09;Acquired;India;25;2026-05-19 13:31:54.6766667
1518;Funding Circle;SF Bay Area;Finance;85;NULL;2020-07-08;Post-IPO;United States;746;2026-05-19 13:31:54.6766667
1519;The Wing;New York City;Real Estate;56;NULL;2020-07-01;Series C;United States;117;2026-05-19 13:31:54.6766667
1520;Sharethrough;SF Bay Area;Marketing;18;NULL;2020-07-01;Series D;United States;38;2026-05-19 13:31:54.6766667
1521;Kongregate;SF Bay Area;Media;12;NULL;2020-07-01;Series C;United States;19;2026-05-19 13:31:54.6766667
1522;Havenly;Denver;Consumer;5;NULL;2020-07-01;Series C;United States;57;2026-05-19 13:31:54.6766667
1523;G2;Chicago;Marketing;17;0,05;2020-06-30;Series C;United States;100;2026-05-19 13:31:54.6766667
1524;Katerra;SF Bay Area;Construction;400;0,07;2020-06-29;Series E;United States;1300;2026-05-19 13:31:54.6766667
1525;Bounce;Bengaluru;Transportation;130;0,22;2020-06-29;Series D;India;214;2026-05-19 13:31:54.6766667
1526;Argo AI;Munich;Transportation;100;NULL;2020-06-29;Unknown;Germany;3600;2026-05-19 13:31:54.6766667
1527;Bossa Nova;SF Bay Area;Retail;61;NULL;2020-06-29;Unknown;United States;101;2026-05-19 13:31:54.6766667
1528;New Relic;Portland;Infrastructure;20;NULL;2020-06-29;Post-IPO;United States;214;2026-05-19 13:31:54.6766667
1529;Engine eCommerce;Fayetteville;Retail;NULL;1;2020-06-28;Unknown;United States;4;2026-05-19 13:31:54.6766667
1530;GoDaddy;Austin;Marketing;451;0,06;2020-06-24;Post-IPO;United States;NULL;2026-05-19 13:31:54.6766667
1531;Sonos;New York City;Consumer;174;0,12;2020-06-24;Post-IPO;United States;455;2026-05-19 13:31:54.6766667
1532;Gojek;Jakarta;Transportation;430;0,09;2020-06-23;Series F;Indonesia;4800;2026-05-19 13:31:54.6766667
1533;ScaleFactor;Austin;Finance;90;0,9;2020-06-23;Series C;United States;103;2026-05-19 13:31:54.6766667
1534;Dark;SF Bay Area;Product;6;1;2020-06-23;Seed;United States;3;2026-05-19 13:31:54.6766667
1535;Intuit;SF Bay Area;Finance;715;0,07;2020-06-22;Post-IPO;United States;18;2026-05-19 13:31:54.6766667
1536;WeWork;London;Real Estate;200;NULL;2020-06-19;Series H;United Kingdom;19500;2026-05-19 13:31:54.6766667
1537;Atlas Obscura;New York City;Media;15;NULL;2020-06-18;Series B;United States;32;2026-05-19 13:31:54.6766667
1538;Navi;Bengaluru;Finance;40;0,25;2020-06-17;Private Equity;India;582;2026-05-19 13:31:54.6766667
1539;PaisaBazaar;Gurugram;Finance;1500;0,5;2020-06-16;Series G;India;496;2026-05-19 13:31:54.6766667
1540;Grab;Singapore;Transportation;360;0,05;2020-06-16;Series I;Singapore;9900;2026-05-19 13:31:54.6766667
1541;Splunk;SF Bay Area;Data;70;0,01;2020-06-16;Post-IPO;United States;40;2026-05-19 13:31:54.6766667
1542;Redox;Madison;Healthcare;44;0,25;2020-06-16;Series C;United States;50;2026-05-19 13:31:54.6766667
1543;Conga;Denver;Data;NULL;0,11;2020-06-15;Acquired;United States;117;2026-05-19 13:31:54.6766667
1544;Stockwell AI;SF Bay Area;Retail;NULL;1;2020-06-15;Series B;United States;10;2026-05-19 13:31:54.6766667
1545;Uber;Amsterdam;Transportation;225;0,25;2020-06-12;Post-IPO;Netherlands;24700;2026-05-19 13:31:54.6766667
1546;SynapseFI;SF Bay Area;Finance;63;0,48;2020-06-12;Series B;United States;50;2026-05-19 13:31:54.6766667
1547;ScaleFocus;Sofia;Infrastructure;120;0,1;2020-06-11;Unknown;Bulgaria;NULL;2026-05-19 13:31:54.6766667
1548;Branch;New York City;Retail;3;0,27;2020-06-11;Seed;United States;2;2026-05-19 13:31:54.6766667
1549;Her Campus Media;Boston;Media;10;0,18;2020-06-10;Unknown;United States;NULL;2026-05-19 13:31:54.6766667
1550;Integrate.ai;Toronto;Support;26;NULL;2020-06-09;Unknown;Canada;39;2026-05-19 13:31:54.6766667
1551;The Athletic;SF Bay Area;Media;46;0,08;2020-06-05;Series D;United States;139;2026-05-19 13:31:54.6766667
1552;Ethos Life;SF Bay Area;Finance;18;0,14;2020-06-05;Series C;United States;106;2026-05-19 13:31:54.6766667
1553;Lastline;SF Bay Area;Security;50;0,4;2020-06-04;Series C;United States;52;2026-05-19 13:31:54.6766667
1554;Builder;Los Angeles;Product;39;0,14;2020-06-04;Series A;United States;29;2026-05-19 13:31:54.6766667
1555;Monzo;London;Finance;120;0,08;2020-06-03;Series F;United Kingdom;324;2026-05-19 13:31:54.6766667
1556;Kitty Hawk;SF Bay Area;Aerospace;70;NULL;2020-06-03;Unknown;United States;1;2026-05-19 13:31:54.6766667
1557;SpotHero;Chicago;Transportation;40;0,21;2020-06-03;Series D;United States;117;2026-05-19 13:31:54.6766667
1558;Credit Sesame;SF Bay Area;Finance;22;0,14;2020-06-03;Series F;United States;120;2026-05-19 13:31:54.6766667
1559;Circ;Berlin;Transportation;100;NULL;2020-06-02;Acquired;Germany;55;2026-05-19 13:31:54.6766667
1560;Rivian;Detroit;Transportation;40;0,02;2020-06-02;Private Equity;United States;3100;2026-05-19 13:31:54.6766667
1561;Fundbox;SF Bay Area;Finance;14;0,15;2020-06-02;Series C;United States;453;2026-05-19 13:31:54.6766667
1562;Descartes Labs;Santa Fe;Data;12;0,16;2020-06-02;Series B;United States;58;2026-05-19 13:31:54.6766667
1563;MakerBot;New York City;Consumer;12;NULL;2020-06-02;Acquired;United States;10;2026-05-19 13:31:54.6766667
1564;Stitch Fix;SF Bay Area;Retail;1400;0,18;2020-06-01;Post-IPO;United States;79;2026-05-19 13:31:54.6766667
1565;MakeMyTrip;Gurugram;Travel;350;0,1;2020-06-01;Post-IPO;India;548;2026-05-19 13:31:54.6766667
1566;CrowdStreet;Portland;Real Estate;24;0,22;2020-06-01;Series C;United States;24;2026-05-19 13:31:54.6766667
1567;Brex;SF Bay Area;Finance;62;0,15;2020-05-29;Series C;United States;732;2026-05-19 13:31:54.6766667
1568;Loftium;Seattle;Real Estate;32;0,6;2020-05-29;Series A;United States;17;2026-05-19 13:31:54.6766667
1569;BookMyShow;Mumbai;Consumer;270;0,18;2020-05-28;Unknown;India;224;2026-05-19 13:31:54.6766667
1570;TrueCar;Los Angeles;Transportation;219;0,3;2020-05-28;Post-IPO;United States;340;2026-05-19 13:31:54.6766667
1571;StubHub;SF Bay Area;Consumer;200;NULL;2020-05-28;Acquired;United States;19;2026-05-19 13:31:54.6766667
1572;Culture Amp;Melbourne;HR;36;0,08;2020-05-28;Series E;Australia;157;2026-05-19 13:31:54.6766667
1573;The Sill;New York City;Retail;20;0,25;2020-05-28;Series A;United States;7;2026-05-19 13:31:54.6766667
1574;Instructure;Salt Lake City;Education;150;0,12;2020-05-27;Acquired;United States;89;2026-05-19 13:31:54.6766667
1575;Ebanx;Curitiba;Finance;62;0,08;2020-05-27;Unknown;Brazil;30;2026-05-19 13:31:54.6766667
1576;Uber;Bengaluru;Transportation;600;0,23;2020-05-26;Post-IPO;India;24700;2026-05-19 13:31:54.6766667
1577;Bluprint;Denver;Education;137;1;2020-05-26;Acquired;United States;108;2026-05-19 13:31:54.6766667
1578;Acorns;Portland;Finance;50;NULL;2020-05-26;Unknown;United States;207;2026-05-19 13:31:54.6766667
1579;CarDekho;Gurugram;Transportation;200;NULL;2020-05-25;Series D;India;247;2026-05-19 13:31:54.6766667
1580;Teamwork;Cork;Other;21;NULL;2020-05-22;Unknown;Ireland;NULL;2026-05-19 13:31:54.6766667
1581;Cvent;Washington D.C.;Marketing;400;0,1;2020-05-21;Acquired;United States;146;2026-05-19 13:31:54.6766667
1582;PickYourTrail;Chennai;Travel;70;0,35;2020-05-21;Series A;India;3;2026-05-19 13:31:54.6766667
1583;Glitch;New York City;Product;18;0,36;2020-05-21;Series A;United States;30;2026-05-19 13:31:54.6766667
1584;Ola;Bengaluru;Transportation;1400;0,35;2020-05-20;Series J;India;3800;2026-05-19 13:31:54.6766667
1585;Samsara;SF Bay Area;Logistics;300;0,18;2020-05-20;Series F;United States;530;2026-05-19 13:31:54.6766667
1586;Stay Alfred;Spokane;Travel;221;1;2020-05-20;Series B;United States;62;2026-05-19 13:31:54.6766667
1587;SoFi;SF Bay Area;Finance;112;0,07;2020-05-20;Private Equity;United States;2500;2026-05-19 13:31:54.6766667
1588;ShareChat;Bengaluru;Marketing;101;0,25;2020-05-20;Series D;India;222;2026-05-19 13:31:54.6766667
1589;Intercom;SF Bay Area;Support;39;0,06;2020-05-20;Series D;United States;240;2026-05-19 13:31:54.6766667
1590;Livspace;Bengaluru;Retail;450;0,15;2020-05-19;Series D;India;157;2026-05-19 13:31:54.6766667
1591;Pollen;London;Travel;69;0,31;2020-05-19;Series B;United Kingdom;88;2026-05-19 13:31:54.6766667
1592;Dotscience;London;Product;10;1;2020-05-19;Unknown;United Kingdom;NULL;2026-05-19 13:31:54.6766667
1593;Uber;SF Bay Area;Transportation;3000;0,13;2020-05-18;Post-IPO;United States;24700;2026-05-19 13:31:54.6766667
1594;Agoda;Singapore;Travel;1500;0,25;2020-05-18;Acquired;Singapore;NULL;2026-05-19 13:31:54.6766667
1595;Swiggy;Bengaluru;Food;1100;0,14;2020-05-18;Series I;India;1600;2026-05-19 13:31:54.6766667
1596;WeWork;New Delhi;Real Estate;100;0,2;2020-05-18;Series H;India;19500;2026-05-19 13:31:54.6766667
1597;Rubrik;SF Bay Area;Infrastructure;57;NULL;2020-05-18;Series E;United States;553;2026-05-19 13:31:54.6766667
1598;Intapp;SF Bay Area;Legal;45;0,05;2020-05-18;Private Equity;United States;NULL;2026-05-19 13:31:54.6766667
1599;Datera;SF Bay Area;Infrastructure;NULL;0,1;2020-05-18;Series C;United States;63;2026-05-19 13:31:54.6766667
1600;Magicbricks;Noida;Real Estate;250;NULL;2020-05-17;Unknown;India;300;2026-05-19 13:31:54.6766667
1601;Zomato;Gurugram;Food;520;0,13;2020-05-15;Series J;India;914;2026-05-19 13:31:54.6766667
1602;Lendingkart;Ahmedabad;Finance;500;0,5;2020-05-15;Unknown;India;200;2026-05-19 13:31:54.6766667
1603;Lattice;SF Bay Area;HR;16;0,1;2020-05-15;Series C;United States;49;2026-05-19 13:31:54.6766667
1604;Masse;New York City;Retail;NULL;1;2020-05-15;Seed;United States;3;2026-05-19 13:31:54.6766667
1605;Cruise;SF Bay Area;Transportation;150;0,08;2020-05-14;Acquired;United States;5300;2026-05-19 13:31:54.6766667
1606;Quartz;New York City;Media;80;0,4;2020-05-14;Acquired;United States;NULL;2026-05-19 13:31:54.6766667
1607;Integral Ad Science;New York City;Marketing;70;0,1;2020-05-14;Acquired;United States;116;2026-05-19 13:31:54.6766667
1608;Ridecell;SF Bay Area;Transportation;35;0,15;2020-05-14;Series B;United States;73;2026-05-19 13:31:54.6766667
1609;Veem;SF Bay Area;Finance;30;NULL;2020-05-14;Unknown;United States;69;2026-05-19 13:31:54.6766667
1610;Deliv;SF Bay Area;Retail;669;1;2020-05-13;Series C;United States;80;2026-05-19 13:31:54.6766667
1611;Mercos;Joinville;Sales;51;0,4;2020-05-13;Unknown;Brazil;2;2026-05-19 13:31:54.6766667
1612;Kickstarter;New York City;Finance;25;0,18;2020-05-13;Unknown;United States;10;2026-05-19 13:31:54.6766667
1613;Intersect;Toronto;Product;19;0,11;2020-05-13;Acquired;Canada;NULL;2026-05-19 13:31:54.6766667
1614;Mode Analytics;SF Bay Area;Data;17;NULL;2020-05-13;Series C;United States;46;2026-05-19 13:31:54.6766667
1615;WeFit;Hanoi;Fitness;NULL;1;2020-05-13;Seed;Vietnam;1;2026-05-19 13:31:54.6766667
1616;Zymergen;SF Bay Area;Other;NULL;0,1;2020-05-13;Series C;United States;574;2026-05-19 13:31:54.6766667
1617;Stone;Sao Paulo;Finance;1300;0,2;2020-05-12;Post-IPO;Brazil;NULL;2026-05-19 13:31:54.6766667
1618;Zeus Living;SF Bay Area;Real Estate;73;0,5;2020-05-12;Series B;United States;79;2026-05-19 13:31:54.6766667
1619;Mixpanel;SF Bay Area;Data;65;0,19;2020-05-12;Series B;United States;77;2026-05-19 13:31:54.6766667
1620;Hireology;Chicago;Recruiting;36;0,17;2020-05-12;Series D;United States;52;2026-05-19 13:31:54.6766667
1621;Top Hat;Toronto;Education;16;0,03;2020-05-12;Series D;Canada;104;2026-05-19 13:31:54.6766667
1622;Revolut;London;Finance;60;0,03;2020-05-11;Series D;United Kingdom;837;2026-05-19 13:31:54.6766667
1623;Cadre;New York City;Real Estate;28;0,25;2020-05-11;Series C;United States;133;2026-05-19 13:31:54.6766667
1624;N26;New York City;Finance;9;0,01;2020-05-08;Series D;United States;782;2026-05-19 13:31:54.6766667
1625;Jump;New York City;Transportation;500;1;2020-05-07;Acquired;United States;11;2026-05-19 13:31:54.6766667
1626;Glassdoor;SF Bay Area;Recruiting;300;0,3;2020-05-07;Acquired;United States;204;2026-05-19 13:31:54.6766667
1627;Numbrs;Zurich;Finance;62;0,5;2020-05-07;Series B;Switzerland;78;2026-05-19 13:31:54.6766667
1628;Flywire;Boston;Finance;60;0,12;2020-05-07;Series E;United States;263;2026-05-19 13:31:54.6766667
1629;SalesLoft;Atlanta;Sales;55;NULL;2020-05-07;Series D;United States;145;2026-05-19 13:31:54.6766667
1630;Tally;SF Bay Area;Finance;28;0,23;2020-05-07;Series C;United States;92;2026-05-19 13:31:54.6766667
1631;Airy Rooms;Jakarta;Travel;NULL;1;2020-05-07;Unknown;Indonesia;NULL;2026-05-19 13:31:54.6766667
1632;Uber;SF Bay Area;Transportation;3700;0,14;2020-05-06;Post-IPO;United States;24700;2026-05-19 13:31:54.6766667
1633;Validity;Boston;Data;130;0,33;2020-05-06;Private Equity;United States;NULL;2026-05-19 13:31:54.6766667
1634;Flatiron School;New York City;Education;100;NULL;2020-05-06;Acquired;United States;15;2026-05-19 13:31:54.6766667
1635;Rubicon Project;Los Angeles;Marketing;50;0,08;2020-05-06;Post-IPO;United States;60;2026-05-19 13:31:54.6766667
1636;Segment;SF Bay Area;Data;50;0,1;2020-05-06;Series D;United States;283;2026-05-19 13:31:54.6766667
1637;OPay;Lagos;Finance;NULL;0,7;2020-05-06;Series B;Nigeria;170;2026-05-19 13:31:54.6766667
1638;Airbnb;SF Bay Area;Travel;1900;0,25;2020-05-05;Private Equity;United States;5400;2026-05-19 13:31:54.6766667
1639;Juul;SF Bay Area;Consumer;900;0,3;2020-05-05;Unknown;United States;1500;2026-05-19 13:31:54.6766667
1640;Andela;New York City;Recruiting;135;0,1;2020-05-05;Series D;United States;181;2026-05-19 13:31:54.6766667
1641;Stack Overflow;New York City;Recruiting;40;0,15;2020-05-05;Series D;United States;68;2026-05-19 13:31:54.6766667
1642;Pipedrive;Tallinn;Sales;31;NULL;2020-05-05;Series C;Estonia;90;2026-05-19 13:31:54.6766667
1643;Workable;Boston;Recruiting;25;0,1;2020-05-05;Series C;United States;84;2026-05-19 13:31:54.6766667
1644;CureFit;Bengaluru;Fitness;800;0,16;2020-05-04;Series D;India;404;2026-05-19 13:31:54.6766667
1645;Careem;Dubai;Transportation;536;0,31;2020-05-04;Acquired;United Arab Emirates;771;2026-05-19 13:31:54.6766667
1646;Oriente;Hong Kong;Finance;400;0,2;2020-05-04;Series B;Hong Kong;175;2026-05-19 13:31:54.6766667
1647;Veriff;Tallinn;Security;63;0,21;2020-05-04;Series A;Estonia;7;2026-05-19 13:31:54.6766667
1648;Element AI;Montreal;Other;62;0,15;2020-05-04;Series B;Canada;257;2026-05-19 13:31:54.6766667
1649;Deputy;Sydney;HR;60;0,3;2020-05-04;Series B;Australia;106;2026-05-19 13:31:54.6766667
1650;Loopio;Toronto;Sales;11;0,08;2020-05-04;Series A;Canada;11;2026-05-19 13:31:54.6766667
1651;Castlight Health;SF Bay Area;Healthcare;NULL;0,13;2020-05-04;Post-IPO;United States;184;2026-05-19 13:31:54.6766667
1652;Trax;Tel Aviv;Retail;120;0,1;2020-05-03;Series D;Israel;386;2026-05-19 13:31:54.6766667
1653;LiveTiles;New York City;Other;50;NULL;2020-05-03;Post-IPO;United States;46;2026-05-19 13:31:54.6766667
1654;OYO;London;Travel;150;NULL;2020-05-01;Series F;United Kingdom;2400;2026-05-19 13:31:54.6766667
1655;Namely;New York City;HR;110;0,4;2020-05-01;Series E;United States;217;2026-05-19 13:31:54.6766667
1656;Culture Trip;London;Media;95;0,32;2020-05-01;Series B;United Kingdom;102;2026-05-19 13:31:54.6766667
1657;Sandbox VR;SF Bay Area;Consumer;80;0,8;2020-05-01;Series A;United States;82;2026-05-19 13:31:54.6766667
1658;Virtudent;Boston;Healthcare;70;NULL;2020-05-01;Series A;United States;10;2026-05-19 13:31:54.6766667
1659;Monese;Lisbon;Finance;35;NULL;2020-05-01;Unknown;Portugal;80;2026-05-19 13:31:54.6766667
1660;TheSkimm;New York City;Media;26;0,2;2020-05-01;Series C;United States;28;2026-05-19 13:31:54.6766667
1661;Automatic;SF Bay Area;Transportation;NULL;1;2020-05-01;Acquired;United States;24;2026-05-19 13:31:54.6766667
1662;Bullhorn;Boston;Sales;100;NULL;2020-04-30;Acquired;United States;32;2026-05-19 13:31:54.6766667
1663;Care.com;Boston;Consumer;81;NULL;2020-04-30;Acquired;United States;156;2026-05-19 13:31:54.6766667
1664;Fandom;SF Bay Area;Media;NULL;0,14;2020-04-30;Series E;United States;145;2026-05-19 13:31:54.6766667
1665;PicoBrew;Seattle;Food;NULL;1;2020-04-30;Series A;United States;15;2026-05-19 13:31:54.6766667
1666;Lyft;SF Bay Area;Transportation;982;0,17;2020-04-29;Post-IPO;United States;4900;2026-05-19 13:31:54.6766667
1667;WeWork;SF Bay Area;Real Estate;300;NULL;2020-04-29;Series H;United States;2250;2026-05-19 13:31:54.6766667
1668;Kayak / OpenTable;Stamford;Travel;160;0,08;2020-04-29;Acquired;United States;229;2026-05-19 13:31:54.6766667
1669;Kitopi;New York City;Food;124;NULL;2020-04-29;Series B;United States;89;2026-05-19 13:31:54.6766667
1670;Lime;SF Bay Area;Transportation;80;0,13;2020-04-29;Series D;United States;765;2026-05-19 13:31:54.6766667
1671;Transfix;New York City;Logistics;24;0,1;2020-04-29;Series D;United States;128;2026-05-19 13:31:54.6766667
1672;TripAdvisor;Boston;Travel;900;0,25;2020-04-28;Post-IPO;United States;3;2026-05-19 13:31:54.6766667
1673;Renmoney;Lagos;Finance;391;0,5;2020-04-28;Unknown;Nigeria;NULL;2026-05-19 13:31:54.6766667
1674;Deliveroo;London;Food;367;0,15;2020-04-28;Series G;United Kingdom;1500;2026-05-19 13:31:54.6766667
1675;App Annie;SF Bay Area;Data;80;0,18;2020-04-28;Unknown;United States;156;2026-05-19 13:31:54.6766667
1676;OpenX;Los Angeles;Marketing;35;0,15;2020-04-28;Unknown;United States;70;2026-05-19 13:31:54.6766667
1677;PayJoy;SF Bay Area;Finance;27;0,25;2020-04-28;Series B;United States;71;2026-05-19 13:31:54.6766667
1678;Shipsi;Los Angeles;Retail;20;0,5;2020-04-28;Seed;United States;2;2026-05-19 13:31:54.6766667
1679;Migo;SF Bay Area;Finance;NULL;0,25;2020-04-28;Series B;United States;37;2026-05-19 13:31:54.6766667
1680;Automation Anywhere;SF Bay Area;Other;260;0,1;2020-04-27;Series B;United States;840;2026-05-19 13:31:54.6766667
1681;JetClosing;Seattle;Real Estate;20;0,2;2020-04-27;Series A;United States;24;2026-05-19 13:31:54.6766667
1682;Qwick;Phoenix;Recruiting;NULL;0,7;2020-04-27;Seed;United States;4;2026-05-19 13:31:54.6766667
1683;OYO;Sao Paulo;Travel;500;NULL;2020-04-25;Series F;Brazil;2400;2026-05-19 13:31:54.6766667
1684;Stoqo;Jakarta;Food;250;1;2020-04-25;Series A;Indonesia;NULL;2026-05-19 13:31:54.6766667
1685;Submittable;Missoula;Other;30;0,2;2020-04-25;Series B;United States;17;2026-05-19 13:31:54.6766667
1686;Divergent 3D;Los Angeles;Transportation;57;0,36;2020-04-24;Series B;United States;88;2026-05-19 13:31:54.6766667
1687;Ada Support;Toronto;Support;36;0,23;2020-04-24;Series B;Canada;60;2026-05-19 13:31:54.6766667
1688;UPshow;Chicago;Marketing;19;0,3;2020-04-24;Series A;United States;7;2026-05-19 13:31:54.6766667
1689;Lighter Capital;Seattle;Finance;18;0,22;2020-04-24;Series B;United States;15;2026-05-19 13:31:54.6766667
1690;Horizn Studios;Berlin;Travel;15;0,25;2020-04-24;Series B;Germany;30;2026-05-19 13:31:54.6766667
1691;Welkin Health;SF Bay Area;Healthcare;10;0,33;2020-04-24;Series B;United States;29;2026-05-19 13:31:54.6766667
1692;Jiobit;Chicago;Consumer;6;0,21;2020-04-24;Unknown;United States;12;2026-05-19 13:31:54.6766667
1693;TutorMundi;Sao Paulo;Education;4;1;2020-04-24;Series A;Brazil;2;2026-05-19 13:31:54.6766667
1694;StockX;Detroit;Retail;100;0,12;2020-04-23;Series C;United States;160;2026-05-19 13:31:54.6766667
1695;Zenefits;SF Bay Area;HR;87;0,15;2020-04-23;Series C;United States;583;2026-05-19 13:31:54.6766667
1696;Sisense;New York City;Data;80;0,09;2020-04-23;Series F;United States;274;2026-05-19 13:31:54.6766667
1697;Oscar Health;New York City;Healthcare;70;0,05;2020-04-23;Unknown;United States;1300;2026-05-19 13:31:54.6766667
1698;Simon Data;New York City;Marketing;6;NULL;2020-04-23;Series C;United States;68;2026-05-19 13:31:54.6766667
1699;Convoy;Seattle;Logistics;NULL;0,01;2020-04-23;Series D;United States;665;2026-05-19 13:31:54.6766667
1700;Magic Leap;Miami;Consumer;1000;0,5;2020-04-22;Series E;United States;2600;2026-05-19 13:31:54.6766667
1701;When I Work;Minneapolis;HR;55;0,35;2020-04-22;Series B;United States;24;2026-05-19 13:31:54.6766667
1702;Ike;SF Bay Area;Transportation;10;0,14;2020-04-22;Series A;United States;52;2026-05-19 13:31:54.6766667
1703;Airy Rooms;Jakarta;Travel;NULL;0,7;2020-04-22;Unknown;Indonesia;NULL;2026-05-19 13:31:54.6766667
1704;Nearmap;Sydney;Construction;NULL;0,1;2020-04-22;Post-IPO;Australia;15;2026-05-19 13:31:54.6766667
1705;Swiggy;Bengaluru;Food;800;NULL;2020-04-21;Series I;India;1600;2026-05-19 13:31:54.6766667
1706;Paytm;New Delhi;Finance;500;NULL;2020-04-21;Unknown;India;2200;2026-05-19 13:31:54.6766667
1707;Lending Club;SF Bay Area;Finance;460;0,3;2020-04-21;Post-IPO;United States;392;2026-05-19 13:31:54.6766667
1708;Houzz;SF Bay Area;Consumer;155;0,1;2020-04-21;Series E;United States;613;2026-05-19 13:31:54.6766667
1709;Casper;New York City;Retail;78;0,21;2020-04-21;Post-IPO;United States;339;2026-05-19 13:31:54.6766667
1710;RealSelf;Seattle;Healthcare;40;0,13;2020-04-21;Series B;United States;42;2026-05-19 13:31:54.6766667
1711;Freshbooks;Toronto;Finance;38;0,09;2020-04-21;Series B;Canada;75;2026-05-19 13:31:54.6766667
1712;Patreon;SF Bay Area;Media;30;0,13;2020-04-21;Series D;United States;165;2026-05-19 13:31:54.6766667
1713;Lambda School;SF Bay Area;Education;19;NULL;2020-04-21;Series B;United States;48;2026-05-19 13:31:54.6766667
1714;Politico / Protocol;Washington D.C.;Media;13;NULL;2020-04-21;Unknown;United States;NULL;2026-05-19 13:31:54.6766667
1715;Bringg;Tel Aviv;Logistics;10;0,1;2020-04-21;Series D;Israel;84;2026-05-19 13:31:54.6766667
1716;Klook;Hong Kong;Travel;300;0,15;2020-04-20;Series D;Hong Kong;521;2026-05-19 13:31:54.6766667
1717;ConsenSys;New York City;Crypto;91;0,14;2020-04-20;Unknown;United States;10;2026-05-19 13:31:54.6766667
1718;GumGum;Los Angeles;Marketing;90;0,25;2020-04-20;Series D;United States;58;2026-05-19 13:31:54.6766667
1719;Kueski;Guadalajara;Finance;90;0,3;2020-04-20;Series B;Mexico;38;2026-05-19 13:31:54.6766667
1720;Movidesk;Blumenau;Support;33;0,25;2020-04-20;Seed;Brazil;1;2026-05-19 13:31:54.6766667
1721;Zum;SF Bay Area;Transportation;28;NULL;2020-04-20;Series C;United States;71;2026-05-19 13:31:54.6766667
1722;Komodo Health;SF Bay Area;Healthcare;23;0,09;2020-04-20;Series C;United States;50;2026-05-19 13:31:54.6766667
1723;Forward;SF Bay Area;Healthcare;10;0,03;2020-04-20;Series C;United States;100;2026-05-19 13:31:54.6766667
1724;Hipcamp;SF Bay Area;Travel;NULL;0,6;2020-04-20;Series B;United States;40;2026-05-19 13:31:54.6766667
1725;Motif Investing;SF Bay Area;Finance;NULL;1;2020-04-18;Series E;United States;126;2026-05-19 13:31:54.6766667
1726;BlackBuck;Bengaluru;Logistics;200;NULL;2020-04-17;Series D;India;293;2026-05-19 13:31:54.6766667
1727;ContaAzul;Joinville;Education;140;0,35;2020-04-17;Series D;Brazil;37;2026-05-19 13:31:54.6766667
1728;Greenhouse Software;New York City;Recruiting;120;0,28;2020-04-17;Series D;United States;110;2026-05-19 13:31:54.6766667
1729;QuintoAndar;Sao Paulo;Real Estate;88;0,08;2020-04-17;Series D;Brazil;335;2026-05-19 13:31:54.6766667
1730;Loft;Sao Paulo;Real Estate;47;0,1;2020-04-17;Series C;Brazil;263;2026-05-19 13:31:54.6766667
1731;Zilingo;Singapore;Retail;44;0,05;2020-04-17;Series D;Singapore;307;2026-05-19 13:31:54.6766667
1732;Labster;Copenhagen;Education;40;NULL;2020-04-17;Series B;Denmark;34;2026-05-19 13:31:54.6766667
1733;Sweetgreen;Los Angeles;Food;35;0,1;2020-04-17;Series I;United States;478;2026-05-19 13:31:54.6766667
1734;People.ai;SF Bay Area;Marketing;30;0,18;2020-04-17;Series C;United States;100;2026-05-19 13:31:54.6766667
1735;Tor;Boston;Security;13;0,37;2020-04-17;Unknown;United States;1;2026-05-19 13:31:54.6766667
1736;BitGo;SF Bay Area;Crypto;NULL;0,12;2020-04-17;Series B;United States;69;2026-05-19 13:31:54.6766667
1737;Dispatch;Boston;Other;NULL;0,38;2020-04-17;Series A;United States;18;2026-05-19 13:31:54.6766667
1738;CarGurus;Boston;Transportation;130;0,13;2020-04-16;Post-IPO;United States;1;2026-05-19 13:31:54.6766667
1739;Funding Societies;Singapore;Finance;65;0,18;2020-04-16;Series B;Singapore;42;2026-05-19 13:31:54.6766667
1740;CleverTap;Mumbai;Marketing;60;0,2;2020-04-16;Series C;India;76;2026-05-19 13:31:54.6766667
1741;Purse;SF Bay Area;Crypto;NULL;1;2020-04-16;Seed;United States;1;2026-05-19 13:31:54.6766667
1742;Opendoor;SF Bay Area;Real Estate;600;0,35;2020-04-15;Series E;United States;1500;2026-05-19 13:31:54.6766667
1743;GoPro;SF Bay Area;Consumer;200;0,2;2020-04-15;Post-IPO;United States;288;2026-05-19 13:31:54.6766667
1744;Shop101;Mumbai;Retail;200;0,4;2020-04-15;Series C;India;19;2026-05-19 13:31:54.6766667
1745;Zume;SF Bay Area;Food;200;0,67;2020-04-15;Unknown;United States;423;2026-05-19 13:31:54.6766667
1746;Carta;SF Bay Area;Finance;161;0,16;2020-04-15;Series E;United States;447;2026-05-19 13:31:54.6766667
1747;Akulaku;Jakarta;Finance;100;NULL;2020-04-15;Series D;Indonesia;160;2026-05-19 13:31:54.6766667
1748;Parsable;SF Bay Area;HR;40;0,25;2020-04-15;Series C;United States;72;2026-05-19 13:31:54.6766667
1749;Kodiak Robotics;SF Bay Area;Transportation;15;0,2;2020-04-15;Series A;United States;40;2026-05-19 13:31:54.6766667
1750;Tulip Retail;Toronto;Retail;14;NULL;2020-04-15;Series B;Canada;51;2026-05-19 13:31:54.6766667
1751;Trove Recommerce;SF Bay Area;Retail;13;NULL;2020-04-15;Series C;United States;34;2026-05-19 13:31:54.6766667
1752;Dude Solutions;Raleigh;Other;NULL;0,2;2020-04-15;Acquired;United States;100;2026-05-19 13:31:54.6766667
1753;SweetEscape;Jakarta;Consumer;NULL;0,3;2020-04-15;Series A;Indonesia;7;2026-05-19 13:31:54.6766667
1754;The RealReal;SF Bay Area;Retail;235;0,1;2020-04-14;Post-IPO;United States;358;2026-05-19 13:31:54.6766667
1755;TouchBistro;Toronto;Food;131;0,23;2020-04-14;Series E;Canada;224;2026-05-19 13:31:54.6766667
1756;Envoy;SF Bay Area;HR;58;0,3;2020-04-14;Series B;United States;59;2026-05-19 13:31:54.6766667
1757;VSCO;SF Bay Area;Consumer;45;0,35;2020-04-14;Series B;United States;90;2026-05-19 13:31:54.6766667
1758;Skillz;SF Bay Area;Consumer;21;NULL;2020-04-14;Series D;United States;132;2026-05-19 13:31:54.6766667
1759;DataStax;SF Bay Area;Data;15;NULL;2020-04-14;Series E;United States;190;2026-05-19 13:31:54.6766667
1760;Xerpa;Sao Paulo;HR;10;NULL;2020-04-14;Unknown;Brazil;5;2026-05-19 13:31:54.6766667
1761;Groupon;Chicago;Retail;2800;0,44;2020-04-13;Post-IPO;United States;1400;2026-05-19 13:31:54.6766667
1762;Zoox;SF Bay Area;Transportation;100;0,1;2020-04-13;Series B;United States;955;2026-05-19 13:31:54.6766667
1763;Neon;Sao Paulo;Finance;70;0,1;2020-04-13;Series B;Brazil;120;2026-05-19 13:31:54.6766667
1764;EasyPost;SF Bay Area;Logistics;50;0,25;2020-04-13;Series A;United States;12;2026-05-19 13:31:54.6766667
1765;Clearbanc;Toronto;Finance;17;0,08;2020-04-13;Series B;Canada;119;2026-05-19 13:31:54.6766667
1766;Meow Wolf;Santa Fe;Media;201;NULL;2020-04-10;Unknown;United States;185;2026-05-19 13:31:54.6766667
1767;Frontdesk;Milwaukee;Travel;35;0,16;2020-04-10;Unknown;United States;3;2026-05-19 13:31:54.6766667
1768;BeeTech;Sao Paulo;Finance;30;NULL;2020-04-10;Series B;Brazil;14;2026-05-19 13:31:54.6766667
1769;Built In;Chicago;Recruiting;28;NULL;2020-04-10;Series C;United States;29;2026-05-19 13:31:54.6766667
1770;NuoDB;Boston;Data;20;0,29;2020-04-10;Unknown;United States;85;2026-05-19 13:31:54.6766667
1771;Rhumbix;SF Bay Area;Construction;16;0,27;2020-04-10;Series B;United States;35;2026-05-19 13:31:54.6766667
1772;Atsu;Seattle;Infrastructure;6;1;2020-04-10;Unknown;United States;1;2026-05-19 13:31:54.6766667
1773;Geekwire;Seattle;Media;5;0,31;2020-04-10;Unknown;United States;NULL;2026-05-19 13:31:54.6766667
1774;Yelp;SF Bay Area;Consumer;1000;0,17;2020-04-09;Post-IPO;United States;56;2026-05-19 13:31:54.6766667
1775;Monzo;Las Vegas;Finance;165;NULL;2020-04-09;Series F;United States;324;2026-05-19 13:31:54.6766667
1776;OneTrust;Atlanta;Legal;150;0,1;2020-04-09;Series B;United States;410;2026-05-19 13:31:54.6766667
1777;Omie;Sao Paulo;Finance;136;0,31;2020-04-09;Series B;Brazil;26;2026-05-19 13:31:54.6766667
1778;Domo;Salt Lake City;Data;90;0,1;2020-04-09;Post-IPO;United States;689;2026-05-19 13:31:54.6766667
1779;Matterport;SF Bay Area;Data;90;0,34;2020-04-09;Series D;United States;114;2026-05-19 13:31:54.6766667
1780;Clinc;Ann Arbor;Support;40;0,32;2020-04-09;Series B;United States;59;2026-05-19 13:31:54.6766667
1781;Mejuri;Toronto;Retail;36;0,15;2020-04-09;Series B;Canada;28;2026-05-19 13:31:54.6766667
1782;Code42;Minneapolis;Data;25;0,05;2020-04-09;Series B;United States;137;2026-05-19 13:31:54.6766667
1783;Lighthouse Labs;Toronto;Education;14;0,07;2020-04-09;Unknown;Canada;NULL;2026-05-19 13:31:54.6766667
1784;LoopMe;London;Marketing;8;0,04;2020-04-09;Unknown;United Kingdom;32;2026-05-19 13:31:54.6766667
1785;Elliptic;London;Crypto;NULL;0,3;2020-04-09;Series B;United Kingdom;40;2026-05-19 13:31:54.6766667
1786;Eventbrite;SF Bay Area;Consumer;500;0,45;2020-04-08;Post-IPO;United States;332;2026-05-19 13:31:54.6766667
1787;Meesho;Bengaluru;Retail;200;0,28;2020-04-08;Series D;India;215;2026-05-19 13:31:54.6766667
1788;Scoop;SF Bay Area;Transportation;92;0,33;2020-04-08;Series C;United States;95;2026-05-19 13:31:54.6766667
1789;Unison;SF Bay Area;Finance;89;0,45;2020-04-08;Series B;United States;40;2026-05-19 13:31:54.6766667
1790;Lever;SF Bay Area;Recruiting;86;0,4;2020-04-08;Series C;United States;72;2026-05-19 13:31:54.6766667
1791;Unbabel;Lisbon;Support;80;0,35;2020-04-08;Series C;Portugal;91;2026-05-19 13:31:54.6766667
1792;Button;New York City;Marketing;48;0,35;2020-04-08;Series C;United States;64;2026-05-19 13:31:54.6766667
1793;Eden / Managed By Q;New York City;Real Estate;40;0,4;2020-04-08;Series B;United States;40;2026-05-19 13:31:54.6766667
1794;Quantcast;SF Bay Area;Marketing;30;0,05;2020-04-08;Series C;United States;65;2026-05-19 13:31:54.6766667
1795;BVAccel;San Diego;Marketing;25;0,25;2020-04-08;Unknown;United States;NULL;2026-05-19 13:31:54.6766667
1796;VideoAmp;Los Angeles;Marketing;21;0,1;2020-04-08;Series C;United States;106;2026-05-19 13:31:54.6766667
1797;Kenoby;Sao Paulo;Recruiting;18;0,16;2020-04-08;Unknown;Brazil;23;2026-05-19 13:31:54.6766667
1798;Connected;Toronto;Product;17;0,1;2020-04-08;Unknown;Canada;NULL;2026-05-19 13:31:54.6766667
1799;GetNinjas;Sao Paulo;Consumer;11;0,1;2020-04-08;Series B;Brazil;16;2026-05-19 13:31:54.6766667
1800;Spyce;Boston;Food;4;0,12;2020-04-08;Series A;United States;26;2026-05-19 13:31:54.6766667
1801;Creditas;Sao Paulo;Finance;NULL;0,06;2020-04-08;Series D;Brazil;314;2026-05-19 13:31:54.6766667
1802;RedDoorz;Singapore;Travel;NULL;0,1;2020-04-08;Series C;Singapore;134;2026-05-19 13:31:54.6766667
1803;Zola;New York City;Retail;NULL;0,2;2020-04-08;Series D;United States;140;2026-05-19 13:31:54.6766667
1804;Toast;Boston;Food;1300;0,5;2020-04-07;Series F;United States;902;2026-05-19 13:31:54.6766667
1805;ezCater;Boston;Food;400;0,44;2020-04-07;Series D;United States;319;2026-05-19 13:31:54.6766667
1806;Sage Therapeutics;Boston;Healthcare;340;0,53;2020-04-07;Post-IPO;United States;438;2026-05-19 13:31:54.6766667
1807;Redfin;Seattle;Real Estate;236;0,07;2020-04-07;Post-IPO;United States;319;2026-05-19 13:31:54.6766667
1808;Branch Metrics;SF Bay Area;Marketing;100;0,2;2020-04-07;Series E;United States;367;2026-05-19 13:31:54.6766667
1809;Newfront Insurance;SF Bay Area;Finance;94;NULL;2020-04-07;Unknown;United States;NULL;2026-05-19 13:31:54.6766667
1810;Ibotta;Denver;Retail;87;0,15;2020-04-07;Series D;United States;85;2026-05-19 13:31:54.6766667
1811;Virta Health;SF Bay Area;Healthcare;65;NULL;2020-04-07;Series C;United States;175;2026-05-19 13:31:54.6766667
1812;Away;New York City;Retail;60;0,1;2020-04-07;Series D;United States;181;2026-05-19 13:31:54.6766667
1813;MediaMath;New York City;Marketing;53;0,08;2020-04-07;Private Equity;United States;607;2026-05-19 13:31:54.6766667
1814;Group Nine Media;New York City;Media;50;0,07;2020-04-07;Unknown;United States;190;2026-05-19 13:31:54.6766667
1815;Payfactors;Boston;HR;46;NULL;2020-04-07;Unknown;United States;NULL;2026-05-19 13:31:54.6766667
1816;Nav;Salt Lake City;Finance;30;NULL;2020-04-07;Series C;United States;99;2026-05-19 13:31:54.6766667
1817;Metromile;SF Bay Area;Finance;100;0,33;2020-04-06;Series E;United States;293;2026-05-19 13:31:54.6766667
1818;Rock Content;Belo Horizonte;Marketing;100;0,2;2020-04-06;Series A;Brazil;0;2026-05-19 13:31:54.6766667
1819;BounceX;New York City;Marketing;77;0,2;2020-04-06;Series B;United States;75;2026-05-19 13:31:54.6766667
1820;C6 Bank;Sao Paulo;Finance;60;0,06;2020-04-06;Unknown;Brazil;NULL;2026-05-19 13:31:54.6766667
1821;Wordstream;Boston;Marketing;26;0,1;2020-04-06;Acquired;United States;28;2026-05-19 13:31:54.6766667
1822;Cogito;Boston;Support;24;0,14;2020-04-06;Series C;United States;92;2026-05-19 13:31:54.6766667
1823;BusBud;Montreal;Transportation;23;0,32;2020-04-06;Series B;Canada;21;2026-05-19 13:31:54.6766667
1824;Borrowell;Toronto;Finance;15;0,2;2020-04-06;Series B;Canada;72;2026-05-19 13:31:54.6766667
1825;PerkSpot;Chicago;HR;10;0,1;2020-04-06;Private Equity;United States;50;2026-05-19 13:31:54.6766667
1826;Astra;SF Bay Area;Aerospace;40;0,25;2020-04-05;Unknown;United States;100;2026-05-19 13:31:54.6766667
1827;Iflix;Kuala Lumpur;Consumer;50;0,12;2020-04-04;Unknown;Malaysia;348;2026-05-19 13:31:54.6766667
1828;Gympass;Sao Paulo;Fitness;467;0,33;2020-04-03;Series D;Brazil;300;2026-05-19 13:31:54.6766667
1829;Sojern;SF Bay Area;Marketing;300;0,5;2020-04-03;Series D;United States;162;2026-05-19 13:31:54.6766667
1830;MaxMilhas;Belo Horizonte;Travel;167;0,42;2020-04-03;Unknown;Brazil;NULL;2026-05-19 13:31:54.6766667
1831;Minted;SF Bay Area;Retail;147;0,37;2020-04-03;Series E;United States;297;2026-05-19 13:31:54.6766667
1832;Velodyne Lidar;SF Bay Area;Transportation;140;NULL;2020-04-03;Unknown;United States;225;2026-05-19 13:31:54.6766667
1833;Zoox;SF Bay Area;Transportation;120;NULL;2020-04-03;Series B;United States;955;2026-05-19 13:31:54.6766667
1834;Traveloka;Jakarta;Travel;100;0,1;2020-04-03;Unknown;Indonesia;NULL;2026-05-19 13:31:54.6766667
1835;Arrive Logistics;Austin;Logistics;75;0,07;2020-04-03;Series B;United States;35;2026-05-19 13:31:54.6766667
1836;Salsify;Boston;Retail;60;0,13;2020-04-03;Series D;United States;97;2026-05-19 13:31:54.6766667
1837;Jetty;New York City;Finance;35;0,4;2020-04-03;Series B;United States;40;2026-05-19 13:31:54.6766667
1838;D2iQ;SF Bay Area;Infrastructure;34;0,13;2020-04-03;Series D;United States;247;2026-05-19 13:31:54.6766667
1839;Bustle Digital Group;New York City;Media;24;0,08;2020-04-03;Series E;United States;80;2026-05-19 13:31:54.6766667
1840;Bustle Digital Group;New York City;Media;19;NULL;2020-04-03;Series E;United States;80;2026-05-19 13:31:54.6766667
1841;Opencare;Toronto;Healthcare;18;0,25;2020-04-03;Series A;Canada;24;2026-05-19 13:31:54.6766667
1842;Anagram;Los Angeles;Healthcare;17;NULL;2020-04-03;Series A;United States;14;2026-05-19 13:31:54.6766667
1843;G/O Media Group;New York City;Media;14;0,05;2020-04-03;Unknown;United States;NULL;2026-05-19 13:31:54.6766667
1844;DSCO;Salt Lake City;Retail;12;NULL;2020-04-03;Series A;United States;4;2026-05-19 13:31:54.6766667
1845;Tripbam;Dallas;Travel;10;0,25;2020-04-03;Unknown;United States;NULL;2026-05-19 13:31:54.6766667
1846;Avantage Entertainment;Minneapolis;Media;5;0,2;2020-04-03;Unknown;United States;NULL;2026-05-19 13:31:54.6766667
1847;The Wing;New York City;Real Estate;NULL;0,5;2020-04-03;Series C;United States;117;2026-05-19 13:31:54.6766667
1848;MindBody;San Luis Obispo;Fitness;700;0,35;2020-04-02;Post-IPO;United States;114;2026-05-19 13:31:54.6766667
1849;Katerra;SF Bay Area;Construction;240;0,03;2020-04-02;Series D;United States;1200;2026-05-19 13:31:54.6766667
1850;Ritual;Toronto;Food;196;0,54;2020-04-02;Series C;Canada;112;2026-05-19 13:31:54.6766667
1851;ClassPass;New York City;Fitness;154;0,22;2020-04-02;Series E;United States;549;2026-05-19 13:31:54.6766667
1852;eGym;Munich;Fitness;100;0,25;2020-04-02;Series D;Germany;109;2026-05-19 13:31:54.6766667
1853;Voi;Stockholm;Transportation;100;NULL;2020-04-02;Series B;Sweden;167;2026-05-19 13:31:54.6766667
1854;Industrious;New York City;Real Estate;90;0,2;2020-04-02;Series D;United States;222;2026-05-19 13:31:54.6766667
1855;1stdibs;New York City;Retail;70;0,17;2020-04-02;Series D;United States;253;2026-05-19 13:31:54.6766667
1856;ThirdLove;SF Bay Area;Retail;65;0,3;2020-04-02;Series B;United States;68;2026-05-19 13:31:54.6766667
1857;Latch;New York City;Security;60;NULL;2020-04-02;Series B;United States;152;2026-05-19 13:31:54.6766667
1858;The Predictive Index;Boston;HR;59;0,25;2020-04-02;Acquired;United States;65;2026-05-19 13:31:54.6766667
1859;Shuttl;New Delhi;Transportation;40;NULL;2020-04-02;Series C;India;122;2026-05-19 13:31:54.6766667
1860;Jobcase;Boston;Recruiting;39;0,2;2020-04-02;Private Equity;United States;118;2026-05-19 13:31:54.6766667
1861;Copper;SF Bay Area;Marketing;35;NULL;2020-04-02;Series C;United States;102;2026-05-19 13:31:54.6766667
1862;Dynamic Signal;SF Bay Area;HR;35;0,19;2020-04-02;Series E;United States;114;2026-05-19 13:31:54.6766667
1863;FiscalNote;Washington D.C.;Media;30;NULL;2020-04-02;Series D;United States;50;2026-05-19 13:31:54.6766667
1864;Sauce Labs;SF Bay Area;Infrastructure;30;0,15;2020-04-02;Unknown;United States;151;2026-05-19 13:31:54.6766667
1865;Humu;SF Bay Area;HR;26;NULL;2020-04-02;Series B;United States;40;2026-05-19 13:31:54.6766667
1866;TripleLift;New York City;Marketing;23;0,07;2020-04-02;Series B;United States;16;2026-05-19 13:31:54.6766667
1867;Coding Dojo;Seattle;Education;7;0,07;2020-04-02;Unknown;United States;2;2026-05-19 13:31:54.6766667
1868;Instamojo;Bengaluru;Finance;6;0,06;2020-04-02;Unknown;India;8;2026-05-19 13:31:54.6766667
1869;Synergysuite;Salt Lake City;Food;5;0,07;2020-04-02;Series A;United States;6;2026-05-19 13:31:54.6766667
1870;Atlanta Tech Village;Atlanta;Real Estate;NULL;0,5;2020-04-02;Unknown;United States;NULL;2026-05-19 13:31:54.6766667
1871;The Modist;Dubai;Retail;NULL;1;2020-04-02;Unknown;United Arab Emirates;NULL;2026-05-19 13:31:54.6766667
1872;Booksy;SF Bay Area;Consumer;200;NULL;2020-04-01;Series B;United States;48;2026-05-19 13:31:54.6766667
1873;Flymya;Yangon;Travel;200;0,33;2020-04-01;Unknown;Myanmar;NULL;2026-05-19 13:31:54.6766667
1874;PatientPop;Los Angeles;Healthcare;100;0,2;2020-04-01;Series B;United States;75;2026-05-19 13:31:54.6766667
1875;Showpad;Chicago;Marketing;52;0,12;2020-04-01;Series D;United States;159;2026-05-19 13:31:54.6766667
1876;Highsnobiety;Berlin;Media;51;0,25;2020-04-01;Series A;Germany;8;2026-05-19 13:31:54.6766667
1877;Earnin;SF Bay Area;Finance;50;0,2;2020-04-01;Series C;United States;190;2026-05-19 13:31:54.6766667
1878;Wonolo;SF Bay Area;Recruiting;46;0,13;2020-04-01;Series C;United States;52;2026-05-19 13:31:54.6766667
1879;Acko;Mumbai;Finance;45;0,09;2020-04-01;Unknown;India;143;2026-05-19 13:31:54.6766667
1880;Moovel;Portland;Transportation;28;0,37;2020-04-01;Unknown;United States;NULL;2026-05-19 13:31:54.6766667
1881;Aqua Security;Tel Aviv;Security;24;0,09;2020-04-01;Series C;Israel;100;2026-05-19 13:31:54.6766667
1882;Crayon;Boston;Marketing;20;0,2;2020-04-01;Series A;United States;16;2026-05-19 13:31:54.6766667
1883;Pana;Denver;Travel;18;NULL;2020-04-01;Series A;United States;11;2026-05-19 13:31:54.6766667
1884;Sensibill;Toronto;Finance;17;0,2;2020-04-01;Series B;Canada;50;2026-05-19 13:31:54.6766667
1885;Usermind;Seattle;Marketing;15;0,25;2020-04-01;Series C;United States;46;2026-05-19 13:31:54.6766667
1886;Incredible Health;SF Bay Area;Healthcare;9;0,4;2020-04-01;Series A;United States;15;2026-05-19 13:31:54.6766667
1887;Le Tote;SF Bay Area;Retail;NULL;0,5;2020-04-01;Series C;United States;62;2026-05-19 13:31:54.6766667
1888;Pebblepost;New York City;Marketing;NULL;0,6;2020-04-01;Series C;United States;81;2026-05-19 13:31:54.6766667
1889;WhyHotel;Washington D.C.;Travel;NULL;0,5;2020-04-01;Series B;United States;33;2026-05-19 13:31:54.6766667
1890;KeepTruckin;SF Bay Area;Logistics;349;0,18;2020-03-31;Series D;United States;227;2026-05-19 13:31:54.6766667
1891;AdRoll;Salt Lake City;Marketing;210;0,3;2020-03-31;Series C;United States;89;2026-05-19 13:31:54.6766667
1892;Rover;Seattle;Consumer;194;0,41;2020-03-31;Series G;United States;310;2026-05-19 13:31:54.6766667
1893;Turo;SF Bay Area;Transportation;108;0,3;2020-03-31;Series E;United States;467;2026-05-19 13:31:54.6766667
1894;uShip;Austin;Logistics;65;0,37;2020-03-31;Series D;United States;69;2026-05-19 13:31:54.6766667
1895;SkySlope;Sacramento;Real Estate;50;0,25;2020-03-31;Acquired;United States;NULL;2026-05-19 13:31:54.6766667
1896;Siteimprove;Minneapolis;Marketing;40;NULL;2020-03-31;Unknown;United States;55;2026-05-19 13:31:54.6766667
1897;AngelList;SF Bay Area;Recruiting;20;NULL;2020-03-31;Series B;United States;26;2026-05-19 13:31:54.6766667
1898;Zenoti;Seattle;Fitness;17;0,04;2020-03-31;Series C;United States;91;2026-05-19 13:31:54.6766667
1899;DialSource;Sacramento;Marketing;5;0,14;2020-03-31;Series B;United States;26;2026-05-19 13:31:54.6766667
1900;Domio;New York City;Travel;NULL;0,3;2020-03-31;Series B;United States;116;2026-05-19 13:31:54.6766667
1901;Kazoo;Austin;HR;NULL;0,35;2020-03-31;Series A;United States;8;2026-05-19 13:31:54.6766667
1902;Thumbtack;SF Bay Area;Consumer;250;0,3;2020-03-30;Series F;United States;423;2026-05-19 13:31:54.6766667
1903;RigUp;Austin;Energy;120;0,25;2020-03-30;Series D;United States;423;2026-05-19 13:31:54.6766667
1904;FabHotels;New Delhi;Travel;80;0,2;2020-03-30;Series B;India;48;2026-05-19 13:31:54.6766667
1905;Hibob;Tel Aviv;HR;70;0,3;2020-03-30;Series A;Israel;45;2026-05-19 13:31:54.6766667
1906;PeerStreet;Los Angeles;Finance;51;0,3;2020-03-30;Series C;United States;110;2026-05-19 13:31:54.6766667
1907;Maven;Seattle;Media;31;0,09;2020-03-30;Post-IPO;United States;77;2026-05-19 13:31:54.6766667
1908;Blume Global;SF Bay Area;Logistics;30;0,1;2020-03-30;Unknown;United States;NULL;2026-05-19 13:31:54.6766667
1909;Catalant;Boston;Other;30;NULL;2020-03-30;Series E;United States;110;2026-05-19 13:31:54.6766667
1910;Starship Technologies;Tallinn;Transportation;30;NULL;2020-03-30;Series A;Estonia;82;2026-05-19 13:31:54.6766667
1911;Loftsmart;New York City;Real Estate;25;0,75;2020-03-30;Series A;United States;18;2026-05-19 13:31:54.6766667
1912;Caliva;SF Bay Area;Retail;20;NULL;2020-03-30;Series A;United States;75;2026-05-19 13:31:54.6766667
1913;Iris Nova;New York City;Food;9;0,5;2020-03-30;Seed;United States;15;2026-05-19 13:31:54.6766667
1914;ZipRecruiter;Los Angeles;Recruiting;400;0,39;2020-03-29;Series B;United States;219;2026-05-19 13:31:54.6766667
1915;Amplero;Seattle;Marketing;17;1;2020-03-29;Series B;United States;25;2026-05-19 13:31:54.6766667
1916;Polarr;SF Bay Area;Consumer;10;NULL;2020-03-29;Series A;United States;13;2026-05-19 13:31:54.6766667
1917;TravelTriangle;Gurugram;Travel;250;0,5;2020-03-28;Series D;India;47;2026-05-19 13:31:54.6766667
1918;WeWork;New York City;Real Estate;250;NULL;2020-03-28;Series H;United States;2250;2026-05-19 13:31:54.6766667
1919;OneWeb;London;Aerospace;451;0,85;2020-03-27;Unknown;United Kingdom;3000;2026-05-19 13:31:54.6766667
1920;Bird;Los Angeles;Transportation;406;0,3;2020-03-27;Series D;United States;623;2026-05-19 13:31:54.6766667
1921;HOOQ;Singapore;Consumer;250;1;2020-03-27;Unknown;Singapore;95;2026-05-19 13:31:54.6766667
1922;Everlane;SF Bay Area;Retail;227;NULL;2020-03-27;Unknown;United States;18;2026-05-19 13:31:54.6766667
1923;DataRobot;Boston;Data;200;NULL;2020-03-27;Series E;United States;430;2026-05-19 13:31:54.6766667
1924;Restaurant365;Los Angeles;Food;175;NULL;2020-03-27;Series C;United States;127;2026-05-19 13:31:54.6766667
1925;Blueground;New York City;Real Estate;130;0,25;2020-03-27;Series B;United States;77;2026-05-19 13:31:54.6766667
1926;Knotel;New York City;Real Estate;127;0,3;2020-03-27;Series C;United States;560;2026-05-19 13:31:54.6766667
1927;Getaround;SF Bay Area;Transportation;100;0,25;2020-03-27;Series D;United States;403;2026-05-19 13:31:54.6766667
1928;Zipcar;Boston;Transportation;100;0,2;2020-03-27;Acquired;United States;107;2026-05-19 13:31:54.6766667
1929;Mogo;Vancouver;Finance;78;0,3;2020-03-27;Post-IPO;Canada;201;2026-05-19 13:31:54.6766667
1930;DISCO;Austin;Legal;75;NULL;2020-03-27;Series E;United States;133;2026-05-19 13:31:54.6766667
1931;Raken;San Diego;Construction;60;NULL;2020-03-27;Series A;United States;12;2026-05-19 13:31:54.6766667
1932;Bench;Vancouver;Finance;47;0,1;2020-03-27;Series B;Canada;49;2026-05-19 13:31:54.6766667
1933;Loft;Sao Paulo;Real Estate;47;NULL;2020-03-27;Series C;Brazil;263;2026-05-19 13:31:54.6766667
1934;Oh My Green;SF Bay Area;Food;40;NULL;2020-03-27;Seed;United States;20;2026-05-19 13:31:54.6766667
1935;Bevi;Boston;Food;30;0,2;2020-03-27;Series C;United States;60;2026-05-19 13:31:54.6766667
1936;Textio;Seattle;Recruiting;30;0,2;2020-03-27;Unknown;United States;41;2026-05-19 13:31:54.6766667
1937;Opal;Portland;Marketing;20;NULL;2020-03-27;Series B;United States;25;2026-05-19 13:31:54.6766667
1938;ThirdLove;New York City;Retail;10;NULL;2020-03-27;Series B;United States;68;2026-05-19 13:31:54.6766667
1939;B8ta;SF Bay Area;Retail;250;0,5;2020-03-26;Series C;United States;88;2026-05-19 13:31:54.6766667
1940;Fareportal;Gurugram;Travel;200;NULL;2020-03-26;Unknown;India;NULL;2026-05-19 13:31:54.6766667
1941;Puppet;Portland;Infrastructure;50;0,1;2020-03-26;Series F;United States;149;2026-05-19 13:31:54.6766667
1942;Ecobee;Toronto;Energy;47;0,1;2020-03-26;Series C;Canada;149;2026-05-19 13:31:54.6766667
1943;Passport;Charlotte;Transportation;44;NULL;2020-03-26;Series D;United States;123;2026-05-19 13:31:54.6766667
1944;Peerspace;SF Bay Area;Real Estate;41;0,75;2020-03-26;Series B;United States;34;2026-05-19 13:31:54.6766667
1945;GoSpotCheck;Denver;Retail;23;0,2;2020-03-26;Series B;United States;47;2026-05-19 13:31:54.6766667
1946;Consider.co;SF Bay Area;Other;13;1;2020-03-26;Seed;United States;5;2026-05-19 13:31:54.6766667
1947;Nativo;Los Angeles;Marketing;NULL;0,4;2020-03-26;Series B;United States;35;2026-05-19 13:31:54.6766667
1948;TripActions;SF Bay Area;Travel;300;0,25;2020-03-25;Series D;United States;981;2026-05-19 13:31:54.6766667
1949;Lyric;SF Bay Area;Real Estate;100;NULL;2020-03-25;Series B;United States;179;2026-05-19 13:31:54.6766667
1950;Rangle;Toronto;Product;78;0,3;2020-03-25;Unknown;Canada;NULL;2026-05-19 13:31:54.6766667
1951;O'Reilly Media;SF Bay Area;Media;75;0,15;2020-03-25;Unknown;United States;NULL;2026-05-19 13:31:54.6766667
1952;WanderJaunt;SF Bay Area;Travel;56;0,23;2020-03-25;Series B;United States;26;2026-05-19 13:31:54.6766667
1953;OutboundEngine;Austin;Marketing;52;0,28;2020-03-25;Series C;United States;48;2026-05-19 13:31:54.6766667
1954;Wonderschool;SF Bay Area;Education;50;0,75;2020-03-25;Series A;United States;24;2026-05-19 13:31:54.6766667
1955;Overtime;New York City;Media;30;0,23;2020-03-25;Series B;United States;35;2026-05-19 13:31:54.6766667
1956;Jama;Portland;Product;12;0,05;2020-03-25;Unknown;United States;233;2026-05-19 13:31:54.6766667
1957;Element Analytics;SF Bay Area;Data;10;NULL;2020-03-25;Series A;United States;22;2026-05-19 13:31:54.6766667
1958;Clutter;Los Angeles;Consumer;NULL;0,3;2020-03-25;Series D;United States;296;2026-05-19 13:31:54.6766667
1959;Divvy Homes;SF Bay Area;Real Estate;NULL;0,08;2020-03-25;Series B;United States;180;2026-05-19 13:31:54.6766667
1960;Sonder;SF Bay Area;Travel;400;0,33;2020-03-24;Series D;United States;359;2026-05-19 13:31:54.6766667
1961;Takl;Nashville;Consumer;130;NULL;2020-03-24;Unknown;United States;NULL;2026-05-19 13:31:54.6766667
1962;Foodsby;Minneapolis;Food;87;0,67;2020-03-24;Series B;United States;20;2026-05-19 13:31:54.6766667
1963;Zeus Living;SF Bay Area;Real Estate;80;0,3;2020-03-24;Series B;United States;79;2026-05-19 13:31:54.6766667
1964;TravelBank;SF Bay Area;Travel;20;NULL;2020-03-24;Series B;United States;35;2026-05-19 13:31:54.6766667
1965;Flowr;Toronto;Retail;NULL;0,25;2020-03-24;Unknown;Canada;NULL;2026-05-19 13:31:54.6766667
1966;Peerfit;Tampa Bay;HR;NULL;0,4;2020-03-24;Unknown;United States;47;2026-05-19 13:31:54.6766667
1967;Compass;New York City;Real Estate;375;0,15;2020-03-23;Series G;United States;1600;2026-05-19 13:31:54.6766667
1968;Convene;New York City;Real Estate;150;0,18;2020-03-23;Series D;United States;280;2026-05-19 13:31:54.6766667
1969;Leafly;Seattle;Retail;91;0,5;2020-03-23;Acquired;United States;2;2026-05-19 13:31:54.6766667
1970;The Guild;Austin;Travel;38;0,22;2020-03-23;Series B;United States;36;2026-05-19 13:31:54.6766667
1971;Drip;Salt Lake City;Marketing;20;NULL;2020-03-23;Acquired;United States;0;2026-05-19 13:31:54.6766667
1972;GrayMeta;Los Angeles;Data;20;0,4;2020-03-23;Unknown;United States;7;2026-05-19 13:31:54.6766667
1973;Triplebyte;SF Bay Area;Recruiting;15;0,17;2020-03-23;Series B;United States;48;2026-05-19 13:31:54.6766667
1974;Ladder Life;SF Bay Area;Finance;13;0,25;2020-03-23;Series C;United States;94;2026-05-19 13:31:54.6766667
1975;Cabin;SF Bay Area;Travel;NULL;0,2;2020-03-23;Seed;United States;3;2026-05-19 13:31:54.6766667
1976;Eight Sleep;New York City;Retail;NULL;0,2;2020-03-23;Series C;United States;70;2026-05-19 13:31:54.6766667
1977;Flywheel Sports;New York City;Fitness;784;0,98;2020-03-20;Acquired;United States;120;2026-05-19 13:31:54.6766667
1978;Peek;Salt Lake City;Travel;45;NULL;2020-03-20;Series B;United States;39;2026-05-19 13:31:54.6766667
1979;CTO.ai;Vancouver;Infrastructure;30;0,5;2020-03-20;Seed;Canada;7;2026-05-19 13:31:54.6766667
1980;Yonder;Austin;Media;18;NULL;2020-03-20;Series A;United States;16;2026-05-19 13:31:54.6766667
1981;Service;Los Angeles;Travel;NULL;1;2020-03-20;Seed;United States;5;2026-05-19 13:31:54.6766667
1982;Bounce;Bengaluru;Transportation;120;NULL;2020-03-19;Series D;India;214;2026-05-19 13:31:54.6766667
1983;Ejento;SF Bay Area;Recruiting;84;1;2020-03-19;Unknown;United States;NULL;2026-05-19 13:31:54.6766667
1984;Remote Year;Chicago;Travel;50;0,5;2020-03-19;Series B;United States;17;2026-05-19 13:31:54.6766667
1985;Lola;Boston;Travel;34;NULL;2020-03-19;Series C;United States;81;2026-05-19 13:31:54.6766667
1986;Popin;New York City;Fitness;NULL;1;2020-03-19;Unknown;United States;13;2026-05-19 13:31:54.6766667
1987;Flytedesk;Boulder;Marketing;4;0,2;2020-03-18;Seed;United States;4;2026-05-19 13:31:54.6766667
1988;Inspirato;Denver;Travel;130;0,22;2020-03-16;Series C;United States;79;2026-05-19 13:31:54.6766667
1989;Help.com;Austin;Support;16;1;2020-03-16;Seed;United States;6;2026-05-19 13:31:54.6766667
1990;Service;Los Angeles;Travel;NULL;1;2020-03-16;Seed;United States;5;2026-05-19 13:31:54.6766667
1991;HopSkipDrive;Los Angeles;Transportation;8;0,1;2020-03-13;Unknown;United States;45;2026-05-19 13:31:54.6766667
1992;Panda Squad;SF Bay Area;Consumer;6;0,75;2020-03-13;Seed;United States;1;2026-05-19 13:31:54.6766667
1993;Tamara Mellon;Los Angeles;Retail;20;0,4;2020-03-12;Series C;United States;90;2026-05-19 13:31:54.6766667
1994;EasyPost;Salt Lake City;Logistics;75;NULL;2020-03-11;Series A;United States;12;2026-05-19 13:31:54.6766667
1995;Blackbaud;Charleston;Other;500;0,14;NULL;Post-IPO;United States;NULL;2026-05-19 13:31:54.6766667
